Time,Tet1,PHC1,SNAI2,FOXD1,CD44,GABRB3,SOX2,ZNF281,SP1,LEFTY1,SET,CBX7,UTF1,CDH2_NCAD,HNF4A,TGFBR2,DUSP10,MYC,ZFP42_REX1,TRIM28,CD48,CDKN1A,JMJD3,RNF2,LATS2,FGF2,LCK,KLF5,KLF4,NACC1,DNMT3L,EZH2,EED,SMARCC2,NODAL,CDH1,LEFTY2,RIF1,ETV5,DNMT3B,KDM5A,JARID2,LOX,Wnt3,Gata6,DPPA2,SALL1,TCF3,PTPN6,USP16,SETD1A,HDAC2,LUM,SOX13,SMAD4,SEMA6A,GAL,SALL4,HESX1,PRDM14,COL3A1,GREM1,DVL2,APOE,LRRN1,STAT3,OTX2,CCND1,STEMCCA_P2A,TET2,KAT7_Myst,TDGF1,MASP1,KDR,GDF3,NANOG,ZIC3,LIN28A,POU5F1,GAPDH
0.109903389619,0,1,1,1,1,0,0,1,1,0,1,0,0,1,0,1,0,0,0,1,0,1,0,1,1,1,0,1,0,1,0,0,1,1,0,0,0,0,1,0,1,1,1,0,0,0,0,1,0,1,1,1,1,0,1,0,1,0,0,0,1,1,1,1,0,1,0,1,1,1,0,0,1,0,0,1,0,0,0,1
0.892483924804,0,1,0,0,1,0,1,1,1,0,1,0,1,1,0,1,0,0,1,1,0,1,0,1,1,1,0,0,0,1,1,0,0,1,1,1,0,1,0,1,1,1,0,0,0,0,0,1,1,1,1,1,0,1,1,1,1,1,0,1,0,0,1,1,1,1,1,1,1,0,1,1,0,0,1,1,1,1,1,1
0.896839680259,0,1,0,1,0,1,1,1,1,1,1,0,1,1,0,0,0,0,1,1,0,1,0,1,1,1,1,1,1,1,1,0,0,1,1,1,1,1,1,1,1,1,0,0,0,0,0,0,1,1,0,1,0,1,1,1,1,1,0,1,0,0,1,1,1,1,0,1,1,0,1,1,0,0,1,1,1,1,1,1
-0.0197022228934,0,1,1,0,1,0,1,1,0,0,1,0,0,1,0,0,1,0,0,1,0,1,0,0,1,1,0,1,1,1,0,0,0,1,0,0,0,1,0,0,1,0,1,0,0,0,0,0,0,1,0,1,1,0,1,0,0,0,0,0,1,1,0,0,0,1,0,1,1,0,1,0,1,0,0,1,0,0,0,1
-0.0217851773122,0,0,1,0,1,0,0,1,1,0,1,0,0,1,0,1,0,0,0,0,0,1,0,1,1,1,0,0,1,1,0,0,0,1,0,0,0,0,0,1,1,0,1,0,0,0,0,0,0,0,1,0,1,1,0,0,0,0,0,0,1,1,1,0,0,1,0,1,1,0,0,0,1,0,0,0,0,0,0,1
0.0452936100133,0,1,1,1,1,0,1,1,1,0,1,0,0,1,0,1,0,0,0,1,0,1,0,1,0,1,0,0,1,1,0,0,0,1,0,0,0,1,1,0,1,0,1,0,0,0,0,0,0,1,1,1,1,1,0,0,0,0,0,0,1,1,0,0,0,1,0,1,0,0,1,0,1,0,0,0,0,1,1,1
1.08848415915,1,1,0,0,1,1,1,1,1,1,1,0,0,1,0,0,0,0,1,1,0,0,0,1,1,1,1,1,0,1,0,1,0,1,1,1,1,1,1,1,1,1,0,1,0,1,0,1,0,1,1,1,0,1,1,1,1,1,0,1,0,0,1,1,1,1,1,1,1,0,1,1,0,1,1,1,0,1,1,1
1.00324416931,1,1,0,0,0,1,1,1,1,1,1,0,0,1,0,0,0,0,1,1,0,0,0,1,0,0,0,0,0,1,0,1,0,1,1,0,1,1,1,1,1,1,0,0,1,0,1,1,0,1,1,1,0,1,1,1,0,1,0,1,0,0,1,1,1,1,1,1,0,1,1,0,0,1,1,1,1,1,1,1
0.98816312538,0,1,0,0,0,1,1,1,1,0,1,0,0,1,0,0,0,0,1,1,0,1,1,1,1,1,0,1,0,1,0,1,1,1,1,1,0,1,1,1,1,1,0,0,1,0,1,1,0,1,1,1,0,0,1,1,1,1,0,0,0,0,1,1,1,1,1,1,0,0,1,1,0,1,1,1,1,1,1,1
1.06321591615,0,1,0,0,0,1,1,1,1,0,1,0,0,1,0,0,0,0,1,1,0,0,0,1,1,1,1,0,0,1,0,0,0,1,0,1,1,1,0,1,0,1,0,0,0,0,1,1,0,1,1,1,0,1,1,1,0,1,1,1,0,0,1,1,1,1,1,1,0,0,1,1,0,1,1,1,0,1,1,1
1.05666542451,1,1,0,0,0,1,1,1,1,0,1,0,0,1,0,0,0,1,1,1,0,1,0,1,1,1,0,0,0,1,0,1,0,1,0,1,0,1,0,1,1,1,0,0,0,1,1,0,0,1,1,1,0,1,1,1,1,1,0,1,0,0,1,1,1,1,1,1,0,0,1,1,0,1,1,1,1,1,1,1
1.04161548868,0,1,0,0,0,1,1,1,1,0,1,0,1,1,0,0,0,0,1,1,0,0,0,1,1,1,1,1,0,1,0,1,0,1,0,1,0,1,0,1,1,1,1,0,0,1,1,1,0,1,1,1,0,1,1,1,0,1,1,1,0,0,1,1,1,1,1,1,1,0,1,1,1,1,1,1,1,1,1,1
0.126065901617,0,1,0,1,1,0,0,1,1,0,1,0,1,1,0,1,0,0,0,1,0,1,0,1,1,1,0,0,0,1,1,0,1,1,0,1,0,0,1,0,1,0,1,0,0,0,1,0,0,0,1,1,1,1,1,0,0,0,0,0,1,1,1,0,0,1,0,1,1,0,1,0,1,0,0,0,0,1,0,1
0.847553389151,0,1,0,0,1,1,1,1,1,1,1,0,1,0,0,0,0,0,1,1,0,1,1,1,1,1,1,1,0,1,0,0,0,1,1,1,1,0,1,1,1,1,0,1,0,1,0,0,0,1,1,1,0,1,1,1,0,1,0,1,0,0,1,1,0,1,0,1,1,0,1,1,0,0,1,1,0,1,1,1
0.821190843137,0,1,0,0,1,1,1,1,1,0,1,0,1,1,0,1,0,0,1,1,0,0,0,1,0,1,0,1,1,1,1,0,0,1,0,1,1,1,1,1,1,1,0,0,0,1,0,0,1,1,1,1,0,1,1,1,0,1,0,1,0,0,1,1,0,1,0,1,1,0,1,1,0,0,1,1,1,1,1,1
-0.0233242676445,0,1,0,1,1,0,0,1,1,0,1,0,0,1,0,1,1,0,0,1,0,1,0,1,1,1,0,1,1,1,0,0,0,1,0,0,0,1,0,1,1,0,1,0,0,0,0,0,0,1,1,1,1,1,1,0,0,0,0,0,1,1,0,0,0,1,0,1,1,0,1,0,1,0,0,0,0,0,1,1
0.0223523691114,0,0,0,0,1,0,0,1,1,0,1,0,0,1,0,0,0,0,0,0,0,1,0,1,1,1,0,1,1,1,0,1,0,1,0,0,0,1,0,0,1,0,1,0,0,0,0,0,0,0,1,0,1,0,1,0,0,0,0,0,1,1,1,0,0,0,0,1,0,0,1,0,1,0,0,0,0,0,0,1
-0.0190867259983,0,1,0,1,1,0,0,1,1,0,1,0,0,1,0,0,0,0,0,1,0,1,0,0,1,1,0,0,1,0,0,0,0,1,0,0,0,1,0,0,1,0,1,0,1,0,1,0,0,1,1,1,1,1,1,0,0,0,0,0,1,1,1,0,0,1,0,1,1,0,0,0,1,0,0,0,0,0,0,1
1.11275676161,0,1,0,0,0,1,1,1,1,1,1,0,0,1,0,0,0,0,1,1,0,0,0,1,1,1,1,0,1,1,0,1,1,1,0,1,0,1,0,1,1,1,0,0,0,0,1,1,0,1,1,1,0,1,1,1,1,1,1,1,0,0,0,1,1,1,1,1,1,0,1,1,0,1,1,1,1,1,1,1
0.979480471211,1,1,0,0,1,1,1,1,1,1,1,0,0,1,0,0,0,0,1,1,0,0,1,1,1,1,1,0,0,0,0,1,1,1,0,1,0,1,0,1,0,1,0,0,0,0,1,0,0,1,1,1,0,1,1,1,0,1,0,1,0,0,1,1,1,1,1,1,0,0,1,0,0,1,0,1,1,1,1,1
0.93918503793,0,1,0,0,0,1,1,1,1,1,1,0,0,1,0,1,0,0,1,1,0,0,0,1,1,1,0,1,1,1,0,1,0,1,1,1,0,1,0,1,1,1,0,0,1,1,1,1,1,1,1,1,0,0,1,1,1,1,0,0,0,0,1,1,1,1,1,1,1,0,1,1,0,0,1,0,1,1,1,1
1.04521247605,1,1,0,0,0,1,1,1,1,1,1,0,0,1,0,0,0,0,1,1,0,0,0,1,0,1,0,0,0,1,0,1,0,1,0,1,1,1,0,1,0,1,0,0,0,0,1,1,1,1,1,1,0,1,1,1,0,1,0,1,0,0,1,1,1,1,1,1,0,0,1,1,0,1,0,1,0,1,1,1
1.07162504288,0,1,0,0,0,1,1,1,1,1,1,0,0,1,0,1,0,0,1,1,0,0,0,1,1,1,0,0,1,1,0,1,1,1,1,1,1,1,0,1,0,1,0,0,0,0,1,1,0,1,1,1,0,1,1,1,1,1,0,1,0,0,1,1,1,1,1,1,1,0,1,1,0,1,1,1,1,1,1,1
0.971326481733,0,1,0,0,0,1,1,1,1,0,1,0,0,1,0,0,0,0,1,1,0,0,0,1,0,1,1,0,0,1,0,0,0,1,0,1,0,1,1,1,1,1,0,0,0,0,1,1,0,1,1,1,0,1,1,1,0,1,0,1,0,0,0,1,1,1,0,1,1,0,1,1,0,1,0,1,1,1,1,1
0.0713993338597,0,0,1,1,1,0,0,1,1,0,1,0,0,0,0,1,0,0,0,1,0,1,1,0,1,1,0,0,0,0,0,0,0,1,0,0,0,0,1,1,1,0,1,0,0,0,0,0,0,1,0,1,1,1,1,0,0,0,0,0,1,0,1,0,0,1,0,1,1,0,1,0,1,0,0,1,0,1,0,1
0.663869734103,0,1,0,0,0,0,0,0,1,0,1,0,1,1,0,1,0,0,1,1,0,1,0,0,1,1,0,1,0,0,1,0,1,1,0,1,1,0,0,1,1,1,0,0,0,0,0,0,0,1,1,0,0,1,0,0,0,1,0,1,0,0,1,1,0,0,1,1,1,0,1,1,0,0,1,1,0,1,1,1
0.0468795868556,0,1,1,1,1,0,0,1,1,0,1,0,0,0,0,1,0,0,1,1,0,1,0,0,1,1,0,0,1,1,0,0,0,1,0,0,0,0,0,0,1,1,1,0,0,0,1,0,0,0,1,1,1,0,1,0,0,0,0,0,1,1,1,0,0,1,0,1,1,1,1,0,1,0,0,0,0,1,0,1
-0.0551406991661,0,0,0,1,1,0,0,1,1,0,1,0,0,1,0,1,0,0,0,1,0,1,1,1,1,1,0,0,1,1,0,0,0,1,0,0,0,1,0,0,0,0,1,0,0,0,1,0,0,1,1,1,1,1,1,0,0,0,0,0,1,1,1,0,0,1,0,1,1,0,1,0,1,0,0,0,0,0,0,1
-0.0285440207822,0,0,1,0,1,0,0,1,1,0,1,0,0,1,0,1,0,0,0,1,0,1,0,0,1,1,0,0,1,1,0,0,1,1,0,0,0,1,0,1,1,0,1,0,0,0,0,0,0,1,1,1,1,1,1,0,0,0,0,0,1,1,0,0,0,1,0,0,0,0,1,0,1,0,0,0,0,0,0,1
-0.0390298217389,0,0,0,0,1,0,0,1,1,0,1,0,0,1,0,1,0,0,0,1,0,1,0,1,0,1,0,0,1,1,0,0,0,1,0,0,0,0,0,0,1,0,1,0,0,0,1,0,0,1,0,1,1,0,1,0,0,0,0,0,1,0,0,0,0,1,0,1,1,0,1,0,1,0,0,0,0,0,0,1
0.98461634195,1,1,0,1,1,1,1,1,1,1,1,0,1,1,0,0,0,0,1,1,0,1,1,1,1,1,1,0,1,1,0,1,0,1,0,1,0,1,0,1,1,1,1,0,0,1,1,1,1,1,1,1,0,1,1,1,1,1,0,1,0,0,1,1,1,1,1,1,0,0,1,1,0,0,1,1,1,1,1,1
0.920110857882,0,1,0,0,0,1,1,1,1,1,1,0,0,1,0,0,0,0,1,1,0,1,1,1,1,1,0,1,0,1,0,1,0,1,1,1,0,1,0,1,1,1,0,1,1,1,1,1,0,1,1,1,0,0,1,1,1,1,0,0,0,0,0,1,0,1,1,1,0,0,1,1,1,1,1,1,1,1,1,1
1.05837862938,1,1,0,0,1,1,1,1,1,1,1,0,0,1,0,0,0,0,1,1,0,0,0,1,1,1,1,1,1,1,0,1,0,1,0,1,0,1,1,1,1,1,0,1,0,0,1,1,1,1,1,1,0,1,1,1,0,1,0,1,0,0,1,1,1,1,1,1,1,0,1,1,0,1,1,1,0,1,1,1
1.03082089471,1,1,0,0,0,1,1,1,1,1,1,0,1,1,0,1,0,0,1,1,0,1,0,1,1,1,1,1,1,1,0,1,0,1,1,1,1,1,1,1,1,1,1,0,0,0,1,1,1,1,1,1,0,1,1,1,0,1,1,1,0,0,1,1,1,1,1,1,1,1,1,1,0,1,1,1,1,1,1,1
1.07539788557,0,1,0,0,0,1,1,1,1,0,1,0,1,1,0,1,0,0,1,1,0,0,0,1,1,1,1,0,0,1,0,1,0,1,0,1,0,1,0,1,1,1,0,0,0,0,1,1,0,1,1,1,0,1,1,1,0,1,1,1,0,0,1,1,1,1,1,1,1,0,1,1,0,1,1,1,0,1,1,1
1.02767819352,0,1,0,0,0,1,1,1,1,0,1,0,0,1,0,0,0,0,1,1,0,0,0,1,0,1,1,0,0,1,0,1,0,1,0,1,0,1,1,1,1,1,0,0,0,1,1,0,0,0,1,1,0,1,1,1,0,1,0,1,0,0,1,1,1,1,1,1,0,0,1,1,0,1,0,1,1,1,1,1
0.129972531129,0,1,0,0,1,0,0,0,0,0,0,0,0,0,0,0,0,0,0,0,0,0,0,0,0,0,0,0,0,0,0,0,0,1,0,0,0,0,0,0,0,0,1,0,0,0,0,0,0,0,0,0,1,0,0,0,0,0,0,0,1,0,0,0,0,0,0,1,1,0,0,0,1,0,0,0,0,0,0,1
0.939019021733,0,1,0,0,0,1,1,1,1,1,1,0,1,0,0,1,1,0,1,1,0,1,1,1,1,1,0,1,1,1,1,0,0,1,1,1,1,1,0,1,1,1,0,0,0,1,1,1,1,1,1,1,0,1,1,1,0,1,0,1,0,0,1,1,1,1,0,1,1,0,1,1,0,1,1,1,1,1,1,1
0.911690217766,0,1,0,1,1,1,0,1,1,1,1,0,1,1,0,0,0,0,1,1,0,1,1,1,1,1,1,1,0,1,1,0,0,1,1,1,0,1,0,1,1,1,0,0,0,1,1,0,0,1,1,1,0,0,1,1,1,1,0,1,0,0,1,1,1,1,0,1,1,0,1,1,0,1,1,1,1,1,1,1
-0.0490199514274,0,1,0,1,1,0,0,1,1,0,1,0,0,1,0,1,1,0,0,1,0,1,0,0,1,1,0,0,1,1,0,0,0,1,0,0,0,0,0,0,0,1,1,0,0,0,1,0,0,1,0,1,1,0,1,0,0,0,0,0,1,1,0,0,0,1,0,1,1,0,0,0,1,0,0,0,0,0,0,1
-0.0335465086372,0,0,1,0,1,0,0,1,1,0,1,0,0,1,0,1,0,0,0,1,0,1,1,1,1,1,0,1,1,0,0,0,1,1,0,0,0,1,1,0,1,0,1,0,0,0,1,0,0,1,0,0,1,0,1,0,0,0,0,0,1,1,1,0,0,1,0,1,1,0,1,0,1,0,0,1,0,0,0,1
0.0548859132221,0,1,1,1,1,0,0,1,1,0,1,0,0,1,0,1,0,0,0,1,0,1,1,1,1,1,0,1,1,0,0,0,0,1,0,0,0,0,0,0,1,0,1,0,0,0,0,1,0,1,0,0,1,0,1,0,0,1,0,0,1,1,1,0,0,0,0,1,1,1,0,1,1,0,0,1,0,1,0,1
1.06193725734,0,1,0,0,0,1,1,1,1,1,1,0,1,0,0,1,1,0,1,1,0,0,0,1,1,1,1,0,1,1,0,1,1,1,1,1,1,1,0,1,0,1,0,0,0,1,1,1,0,1,0,1,0,1,1,1,1,1,1,1,0,0,1,1,1,1,1,1,1,0,1,1,0,1,1,1,1,1,1,1
0.832390292974,0,1,0,1,0,1,1,1,1,1,1,0,1,0,0,0,0,0,1,1,0,0,0,1,0,1,0,0,0,0,0,0,0,1,1,1,0,1,0,1,1,1,0,0,0,0,0,0,0,1,1,0,0,0,0,1,0,1,0,1,0,0,1,1,1,0,0,1,1,0,1,1,0,0,1,1,0,1,1,1
1.01012609499,1,1,0,0,1,1,1,1,1,0,1,0,0,1,0,0,0,0,1,1,0,0,0,1,0,0,1,0,0,1,0,1,1,1,0,1,0,1,1,1,1,1,0,0,0,0,1,1,1,1,1,1,0,1,1,1,0,1,1,1,0,0,0,1,1,1,1,1,1,0,1,1,0,1,0,1,0,1,1,1
1.03834563949,1,1,0,0,1,1,1,1,1,0,1,0,0,1,0,1,0,0,1,1,0,0,0,1,1,1,1,0,0,1,0,0,0,1,0,1,0,1,0,1,1,1,0,0,0,1,1,1,0,1,1,1,0,1,1,1,1,1,1,1,0,0,0,1,1,1,1,1,1,0,1,1,0,1,1,1,0,1,1,1
1.07108743307,1,1,0,0,1,1,1,1,1,1,1,0,1,1,0,1,0,0,1,1,0,0,1,1,1,1,1,0,1,1,0,1,0,1,1,1,1,1,0,1,1,1,1,0,0,0,1,1,1,1,1,1,0,1,1,1,1,1,1,1,0,0,1,1,1,1,1,1,1,0,1,1,0,1,1,1,1,1,1,1
1.15325000512,0,1,0,0,0,1,1,1,1,0,1,0,0,1,0,0,0,0,1,1,0,0,0,1,1,1,1,0,0,1,0,1,1,1,1,1,0,1,0,1,1,1,0,0,0,1,1,1,0,1,1,1,0,1,1,1,1,1,1,1,0,0,1,1,1,1,1,1,1,0,1,1,0,1,1,1,1,1,1,1
0.140295318001,0,0,0,0,1,0,0,1,1,0,1,0,0,0,0,1,0,0,0,1,0,1,1,1,0,0,0,1,0,0,0,1,0,1,0,1,0,0,0,0,0,1,1,0,0,0,1,0,0,1,1,1,1,0,0,0,0,0,0,0,1,1,1,0,0,1,0,1,1,0,1,0,1,0,0,0,0,0,0,1
0.8707360037,0,1,0,1,1,1,1,1,1,0,1,0,1,1,0,1,0,0,1,1,0,0,1,1,1,1,0,1,1,1,1,1,0,1,0,1,0,1,0,1,1,1,0,0,0,0,1,0,1,1,1,1,0,1,1,1,1,1,0,1,0,0,1,1,0,1,1,1,1,1,1,1,0,0,1,1,1,1,1,1
0.829296512844,0,1,0,0,1,1,1,1,1,1,1,0,1,0,0,0,0,0,1,1,0,1,0,1,1,1,0,1,1,1,1,0,0,1,1,1,0,0,0,1,1,1,0,1,0,1,1,0,0,0,1,1,0,1,1,1,1,1,0,1,0,0,1,1,0,1,0,1,1,0,1,1,0,0,1,1,0,1,1,1
-0.0370581372582,0,0,0,1,1,0,0,1,1,0,1,0,0,1,0,1,0,0,0,1,0,1,0,1,1,1,0,0,1,1,0,0,0,1,0,0,0,1,0,0,1,0,1,0,1,0,1,0,0,1,0,1,1,1,1,0,0,0,0,0,1,1,0,0,0,1,0,1,1,1,1,0,1,0,0,1,0,1,0,1
-0.0169027634841,0,0,1,0,1,0,0,1,1,0,1,0,0,1,0,1,0,0,0,1,0,1,0,0,1,1,0,1,1,0,0,1,0,1,0,0,0,1,0,0,1,1,1,0,0,0,1,1,0,1,1,1,1,0,1,0,0,0,0,0,1,1,0,0,0,1,0,1,1,0,1,0,1,0,0,0,0,0,0,1
0.287187721318,0,1,1,0,1,0,0,0,1,0,1,1,0,1,1,1,0,0,0,1,0,1,1,1,1,1,0,1,1,1,0,0,1,1,0,1,0,1,1,0,1,0,0,0,0,0,0,1,1,1,0,1,1,0,1,1,0,0,0,0,1,0,1,1,0,1,0,1,0,0,1,0,1,1,0,1,0,0,0,1
1.0416299815,0,1,0,0,1,1,1,1,1,1,1,0,0,1,0,0,0,0,1,1,0,1,1,1,1,1,0,1,1,1,0,1,0,1,1,1,1,1,0,1,1,1,0,0,0,0,1,1,0,1,1,1,0,1,1,1,1,1,0,1,0,0,1,1,1,1,1,1,1,0,1,1,0,1,1,1,1,1,1,1
1.00737886862,1,1,0,0,1,1,1,1,1,0,1,0,1,1,0,0,0,0,1,1,0,0,0,1,1,1,1,0,1,1,0,0,1,1,0,1,0,1,0,1,1,1,0,0,0,0,1,1,1,1,1,1,0,1,1,1,1,1,1,1,0,0,1,1,1,1,0,1,1,0,1,1,0,1,0,1,1,1,1,1
1.01837179856,0,1,0,0,0,1,1,1,1,1,1,0,0,1,0,0,0,0,1,1,0,1,0,1,1,1,0,0,1,1,0,1,0,1,1,1,1,1,0,1,1,1,0,1,0,1,1,1,0,1,1,1,0,1,1,1,1,1,0,1,0,0,1,1,1,1,1,1,0,0,1,1,0,0,1,1,0,1,1,1
1.06894061729,1,1,0,0,0,1,1,1,1,0,1,0,0,1,0,1,0,0,1,1,0,0,0,1,1,1,1,0,0,1,0,1,0,1,0,1,0,1,0,1,1,1,0,0,0,0,1,1,1,1,1,1,0,1,1,1,0,1,0,1,0,0,1,1,1,1,0,1,0,0,1,1,0,1,1,1,1,1,1,1
1.00151697255,0,1,0,0,0,1,1,1,1,0,1,0,1,1,0,0,0,0,1,1,0,0,0,1,1,1,1,0,1,1,0,1,0,1,0,1,0,1,0,1,1,1,0,0,0,0,1,1,0,0,1,1,0,1,1,1,0,1,0,1,0,0,1,1,1,1,1,0,0,0,1,1,0,1,0,1,0,1,1,1
1.03603497795,1,1,0,0,0,1,1,1,1,0,1,0,1,1,0,1,0,0,1,1,0,0,0,1,1,1,1,1,0,1,0,1,0,1,0,1,0,1,0,1,1,1,0,0,0,0,1,1,0,1,1,1,1,1,1,1,0,1,1,1,0,0,1,1,1,1,1,0,0,1,1,1,0,1,1,1,1,1,1,1
-0.0250284888071,0,1,1,1,1,0,0,1,1,0,1,0,0,1,0,1,0,0,0,1,0,1,0,0,1,1,0,1,0,1,0,0,0,1,0,0,0,0,0,0,1,1,1,0,0,0,1,0,0,1,1,1,1,0,1,0,0,0,0,0,1,1,1,0,0,1,0,1,1,0,0,0,1,0,0,0,0,0,0,1
0.687733484463,0,1,0,0,1,1,0,1,1,1,0,0,0,1,1,0,0,0,0,0,0,0,1,0,1,0,0,0,0,0,1,0,0,1,1,1,1,0,0,1,1,1,0,0,0,0,0,0,0,0,1,1,0,1,1,1,0,1,0,0,0,0,1,1,0,0,1,1,1,0,1,1,0,0,1,0,1,1,0,1
0.907856509407,0,1,0,1,1,1,1,1,1,1,1,0,1,1,0,1,0,0,1,1,0,1,0,1,1,1,0,1,1,1,1,1,0,1,1,1,0,1,0,1,0,1,0,0,0,0,1,1,1,1,1,1,0,1,1,1,1,1,0,1,0,0,1,1,0,1,0,1,1,0,1,1,0,1,1,1,1,1,1,1
0.0604870181434,0,1,1,1,1,0,0,1,1,0,1,0,0,1,0,1,0,0,0,1,0,1,1,1,1,1,0,1,1,1,0,0,1,1,0,0,0,1,0,0,0,1,1,0,1,0,0,1,0,0,1,0,1,0,1,0,0,0,0,0,1,1,0,0,0,1,0,1,1,1,1,0,1,0,0,1,0,1,1,1
0.0442179860284,0,1,1,1,1,1,0,1,0,0,1,0,0,1,0,1,0,0,0,1,0,1,0,1,1,1,0,0,1,0,0,0,0,1,0,0,0,1,0,0,1,0,1,0,0,0,0,0,0,1,0,1,1,1,1,0,0,0,0,0,1,1,1,0,0,1,0,1,0,0,1,0,1,0,0,1,0,1,1,1
0.254699305199,0,1,0,0,1,0,0,0,1,0,0,1,0,0,1,1,0,0,0,0,0,1,1,1,1,1,0,1,1,1,0,0,0,0,0,0,0,1,0,0,0,0,0,0,0,0,0,0,0,0,0,0,1,1,1,1,0,0,0,0,1,0,0,1,0,1,0,1,0,1,0,0,0,1,0,0,0,0,0,1
0.989245028233,1,1,1,0,1,1,1,1,1,1,1,0,0,1,0,1,0,0,1,1,0,1,0,1,1,1,1,1,0,1,0,1,0,1,1,1,0,1,0,1,1,1,0,1,0,0,1,1,0,1,1,1,0,1,1,1,1,1,0,1,0,0,1,1,0,1,1,1,1,0,1,1,0,1,1,1,0,1,1,1
0.82257041206,1,1,0,1,0,1,0,1,1,0,1,0,0,1,0,1,0,0,1,1,0,0,0,1,0,1,0,1,0,1,0,0,0,1,0,0,0,1,0,1,1,1,0,0,1,0,1,1,0,1,1,1,0,0,1,1,0,1,0,0,0,0,1,1,1,0,1,1,0,0,1,1,0,1,1,0,1,1,1,1
1.06868821457,0,1,0,0,1,1,1,1,1,1,1,0,1,1,0,0,0,0,1,1,0,0,0,1,0,1,1,0,0,1,0,1,0,1,1,1,1,1,0,1,1,1,0,0,0,0,1,1,0,1,1,1,0,1,1,1,1,1,1,1,0,0,0,1,1,1,0,1,0,1,1,1,0,1,1,1,1,1,1,1
0.996341707887,1,1,0,1,1,1,1,1,1,0,1,0,1,1,0,1,1,0,1,1,0,1,0,1,1,1,1,0,0,1,0,1,1,1,0,1,1,1,1,1,1,1,1,0,0,0,1,1,0,1,1,1,0,1,1,1,1,1,1,1,0,0,1,1,1,1,1,1,1,0,1,1,0,1,1,1,1,1,1,1
0.95591140441,1,1,0,0,1,1,1,1,1,0,1,0,0,1,0,0,0,0,1,1,0,0,1,1,1,1,0,1,0,1,0,1,1,1,0,1,0,1,0,1,1,1,1,0,0,1,0,1,0,1,1,1,0,1,1,1,0,1,0,1,0,0,0,1,1,1,1,1,0,0,1,1,0,1,1,1,0,1,1,1
1.10410327276,1,1,0,1,1,1,1,1,1,1,1,0,0,1,0,0,0,0,1,1,0,0,0,1,1,1,1,0,0,1,1,1,0,1,1,1,0,1,1,1,1,1,0,0,0,1,1,1,1,1,1,1,0,1,1,1,1,1,1,1,0,0,1,1,1,1,1,1,0,1,1,1,0,1,1,1,1,1,1,1
0.069621580905,0,1,1,1,1,0,0,1,1,0,1,0,0,0,0,1,0,0,0,1,0,1,0,1,1,1,0,0,0,1,0,0,1,1,0,1,0,0,1,0,1,0,1,0,0,0,0,0,0,1,1,1,1,0,1,0,0,0,0,0,1,1,1,1,0,1,0,1,1,0,1,0,1,0,0,0,0,0,0,1
0.574867977016,0,0,0,0,0,1,0,1,0,0,0,0,1,0,0,1,0,0,1,1,0,0,1,0,0,1,0,0,0,1,1,1,0,0,0,0,1,0,0,1,1,1,0,0,0,0,1,0,0,0,0,0,0,1,1,0,0,1,0,1,0,0,1,1,0,0,0,0,1,0,0,0,0,0,1,1,0,0,0,1
0.910572207721,0,1,0,0,0,1,1,1,1,0,1,0,1,0,0,1,0,0,1,1,0,1,1,1,1,1,1,1,0,1,1,1,1,1,1,1,0,1,1,1,1,1,1,0,0,1,1,1,0,1,1,1,0,1,1,1,1,1,0,1,0,0,1,1,0,1,0,1,1,0,1,1,0,0,1,1,1,1,1,1
0.0888850071229,0,0,1,1,1,0,0,1,0,0,1,0,0,1,0,1,1,0,0,1,0,1,1,1,0,1,0,0,0,1,0,0,0,1,0,0,0,1,0,0,1,1,1,0,0,0,0,1,0,1,1,1,1,1,1,0,0,0,0,0,1,0,0,0,0,1,0,1,1,1,1,0,0,0,0,1,0,0,0,1
0.0251160561732,0,1,0,1,1,0,0,1,0,0,1,0,1,1,0,1,1,0,0,1,0,1,0,1,1,1,0,1,1,1,0,1,0,1,0,0,0,1,1,0,1,1,1,0,0,0,0,1,0,1,1,1,1,0,1,0,0,0,0,0,1,1,0,0,0,1,0,1,1,1,1,0,1,0,0,0,0,0,0,1
0.268032543525,0,0,0,0,1,0,0,1,1,0,0,0,0,0,1,1,0,0,0,1,1,1,0,0,0,0,1,1,0,0,0,0,0,0,0,0,0,0,0,0,0,1,0,0,1,0,0,0,0,0,0,0,1,0,1,0,0,0,0,0,0,0,0,1,0,1,0,0,0,0,1,0,0,0,0,0,0,0,0,1
0.928828167822,1,1,0,0,0,1,1,1,1,1,1,0,0,1,0,1,0,0,1,1,0,0,1,1,0,0,1,1,0,1,0,0,0,1,1,1,0,1,1,1,0,1,0,1,0,0,1,0,0,1,1,1,0,1,0,1,0,1,1,1,0,0,1,1,0,0,1,1,1,0,1,0,0,1,1,1,0,1,1,1
0.914411905604,1,1,1,0,0,1,0,1,1,0,1,0,0,1,0,0,1,0,1,1,0,0,1,1,1,0,0,1,0,1,0,1,0,1,0,1,0,1,0,1,1,1,0,1,1,1,1,1,0,1,1,1,0,0,1,1,1,1,0,1,0,0,1,1,1,0,1,1,1,0,1,1,0,1,0,0,1,1,1,1
0.86682773431,0,1,0,0,1,1,1,1,1,0,1,0,0,0,0,0,0,0,1,1,0,0,1,1,1,1,0,1,1,1,0,1,1,1,1,1,0,1,0,1,1,1,0,1,0,1,1,1,1,1,1,1,0,1,1,1,1,1,0,1,0,0,1,1,0,0,0,1,1,0,1,1,1,0,1,1,0,1,1,1
1.0169224623,1,1,0,0,0,1,1,1,1,0,1,0,0,1,0,0,0,0,1,1,0,0,0,1,1,1,0,0,1,1,0,0,0,1,0,1,0,1,0,1,1,1,0,0,0,0,1,1,0,1,1,1,0,1,1,1,0,1,0,1,0,0,0,1,1,1,1,0,0,0,1,1,0,1,1,1,1,1,1,1
0.990893739193,0,1,1,0,1,1,1,1,1,0,1,0,1,1,0,1,0,0,1,1,0,1,0,1,1,1,1,0,0,1,0,1,1,1,0,1,0,1,1,1,1,1,1,0,0,0,1,1,0,1,1,1,0,1,1,1,1,1,1,1,0,0,1,1,1,1,1,1,1,0,1,1,0,1,1,1,1,1,1,1
1.04590508263,0,1,0,0,1,1,1,1,1,1,1,0,1,1,0,0,0,0,1,1,0,1,0,1,1,1,1,0,0,1,0,1,0,1,0,1,0,1,0,1,1,1,0,0,0,0,0,1,0,1,1,1,0,1,0,1,1,1,0,1,0,0,1,1,1,0,1,1,0,0,1,1,0,1,1,1,1,1,1,1
0.69988631954,0,1,0,0,1,0,0,1,1,1,0,0,1,1,0,0,0,0,1,1,0,1,0,0,0,0,0,0,0,1,0,1,0,1,1,1,0,0,0,1,0,1,0,0,0,0,1,0,0,0,1,1,0,1,1,0,0,0,0,1,0,0,1,1,1,1,0,0,1,0,0,1,0,0,1,1,0,1,1,1
0.781697832409,0,1,0,0,1,0,1,1,1,1,1,0,1,1,0,1,0,0,1,1,0,1,1,1,0,1,0,0,1,0,1,1,0,1,1,1,1,0,1,1,1,1,1,0,0,0,0,1,1,1,1,1,0,1,1,1,1,1,0,1,0,0,1,1,0,1,0,1,1,0,1,1,0,0,1,1,1,1,1,1
0.789514360687,0,1,0,0,1,0,1,1,1,0,1,0,1,1,0,1,0,0,1,1,0,0,1,1,1,1,0,1,1,1,1,0,0,1,1,1,1,0,0,1,1,1,0,0,0,1,1,0,0,1,1,1,0,0,1,1,1,1,0,1,0,0,0,1,0,1,1,1,1,0,1,1,0,0,1,1,0,1,1,1
0.0343233166957,0,1,1,0,1,0,0,1,1,0,1,0,0,1,0,1,0,0,0,1,0,1,1,0,0,1,0,0,1,1,0,0,0,1,0,0,0,0,1,1,1,0,1,0,1,0,0,1,0,1,0,0,1,0,1,0,0,0,0,0,1,1,1,0,0,0,0,1,0,0,0,0,1,0,0,0,0,0,1,1
-0.0324209801676,0,0,1,1,1,0,0,1,0,0,1,0,0,1,0,1,0,0,0,1,0,1,0,0,1,1,0,1,1,1,0,0,0,1,0,0,0,0,0,1,1,0,1,0,1,0,1,1,0,1,0,1,1,0,1,0,0,0,0,0,1,1,0,0,0,0,0,1,1,1,1,0,1,0,0,0,0,1,0,1
0.276863943455,0,0,0,0,0,0,0,0,0,0,0,0,0,0,0,0,0,0,0,0,0,0,0,0,0,0,0,0,0,0,0,0,0,0,0,0,0,0,0,0,0,0,0,0,0,0,0,0,0,0,0,0,0,0,0,0,0,0,0,0,0,0,0,0,0,0,0,0,0,0,0,0,0,0,0,0,0,0,0,0
0.987541872715,0,1,1,0,1,1,1,1,1,1,1,0,0,1,0,0,0,0,1,1,0,1,0,1,1,1,1,1,0,1,0,1,0,1,1,1,1,1,0,1,0,1,0,0,0,0,0,1,0,0,1,1,0,1,1,1,1,1,1,1,0,0,0,1,1,1,1,1,1,0,1,1,0,1,1,1,0,1,1,1
1.02350234446,1,1,0,0,1,1,1,1,1,1,1,0,1,0,0,0,0,0,1,1,0,0,0,1,1,1,1,1,1,1,1,1,0,1,0,1,0,1,1,1,1,1,0,0,0,0,1,1,0,1,1,1,0,1,1,1,0,1,0,1,1,0,1,1,1,1,1,1,1,0,1,1,0,1,1,1,1,1,1,1
0.885967245333,1,0,0,0,0,1,0,1,1,1,1,0,0,1,1,0,0,0,0,1,0,0,1,1,1,1,0,1,1,1,0,0,0,1,0,1,1,1,0,1,1,1,0,0,1,0,1,0,0,1,1,1,0,0,1,1,1,1,0,1,0,0,1,1,1,0,1,1,0,1,1,1,0,1,1,1,1,1,1,1
0.738106891956,0,1,0,0,0,0,1,1,1,0,1,0,0,0,0,0,0,0,1,1,0,0,0,0,0,0,1,0,0,1,0,0,0,1,0,1,0,0,0,1,1,1,0,0,0,0,1,0,0,1,0,1,0,0,1,1,0,1,1,0,0,0,0,1,0,0,1,1,1,0,1,0,0,0,1,1,0,1,1,1
1.03257687534,0,1,0,0,0,1,1,1,1,1,1,1,0,1,0,0,0,0,1,1,0,1,0,1,1,1,1,1,1,1,0,1,1,1,0,1,1,1,1,1,1,1,1,0,0,0,1,1,1,0,1,1,0,1,1,1,1,1,1,1,0,0,1,1,1,1,1,1,1,0,1,1,0,1,1,1,1,1,1,1
0.832668341332,0,1,0,0,0,1,1,1,1,0,1,0,0,0,0,0,0,0,1,1,0,0,0,1,1,1,0,0,0,1,0,0,0,1,0,1,0,1,0,1,1,1,0,0,0,0,1,0,1,1,1,1,0,1,1,1,1,1,0,1,0,0,0,1,0,0,0,1,0,0,0,0,0,1,0,1,0,1,1,1
0.0728069216337,0,0,0,1,1,0,0,1,1,0,1,0,0,1,0,1,1,0,0,1,0,1,1,1,1,1,0,0,1,1,0,0,1,1,0,0,0,1,0,1,1,1,1,0,0,0,1,1,0,1,1,1,1,1,1,0,0,0,0,0,1,1,1,0,0,1,0,1,1,0,1,0,1,0,0,0,0,0,1,1
0.101868138423,0,0,1,0,1,0,0,1,1,0,1,0,0,1,0,1,0,1,0,1,0,1,0,1,1,1,0,0,1,1,0,1,1,1,0,0,0,1,1,0,1,1,1,0,0,0,1,0,0,1,1,1,1,1,1,0,0,0,0,0,1,1,1,0,0,1,0,1,1,1,1,0,1,0,0,0,0,1,1,1
0.149282382356,0,0,1,1,1,0,0,1,1,0,1,0,0,1,0,1,0,0,0,1,0,1,0,1,1,1,0,0,0,1,0,0,0,1,0,0,0,0,1,0,1,1,1,0,0,0,0,0,0,1,1,1,1,0,1,0,1,1,0,0,1,1,1,1,0,1,0,1,1,0,1,1,1,0,0,0,0,1,0,1
0.108777065109,0,0,1,1,1,0,0,1,1,0,1,0,0,1,0,1,0,1,0,1,0,1,1,1,1,1,0,0,1,0,0,1,0,1,0,1,0,1,0,0,1,0,1,0,1,0,0,0,0,1,0,1,1,0,0,0,0,1,0,0,1,1,0,0,0,1,0,1,1,0,1,1,1,0,0,1,1,0,0,1
0.0630724075923,0,0,1,0,1,0,0,1,1,0,1,0,0,1,0,1,0,1,0,1,0,1,0,0,0,1,0,1,1,0,0,1,0,1,0,0,0,0,0,0,1,0,1,0,0,0,1,1,0,1,0,0,1,1,1,0,0,0,0,0,1,0,0,1,0,1,0,1,1,0,0,0,1,0,0,0,0,0,0,1
0.0788077594791,0,0,1,1,1,0,0,1,1,0,1,0,0,1,0,1,0,0,0,1,0,1,0,1,0,0,0,0,1,1,0,0,0,1,0,1,0,1,1,0,1,1,1,0,1,0,1,0,0,0,1,1,1,0,0,0,0,0,0,0,1,1,1,0,0,1,0,1,1,0,0,0,1,0,0,0,1,0,0,1
0.21536044049,0,1,1,1,1,0,0,1,1,0,1,0,0,1,0,1,1,1,0,1,0,1,1,1,1,0,0,1,0,1,0,0,0,1,0,1,0,1,0,1,1,1,1,0,0,0,1,0,0,1,1,1,1,0,1,0,1,0,0,0,1,0,1,0,0,1,0,1,1,1,1,0,1,0,0,1,0,0,1,1
0.274369897722,0,0,0,0,1,0,0,1,1,0,1,0,0,1,1,0,0,1,0,1,0,1,0,1,1,0,0,1,1,1,0,1,0,1,0,0,0,1,0,0,0,1,1,0,1,0,1,0,0,1,1,1,1,1,1,0,0,1,0,0,1,0,1,0,0,1,0,1,1,1,1,0,0,0,1,1,0,0,0,1
0.0348138743711,0,0,1,1,1,0,0,1,1,0,1,0,0,1,0,1,0,0,0,1,0,1,0,1,1,0,0,0,1,1,0,0,0,1,0,0,0,1,0,0,0,1,1,0,0,0,1,0,0,0,0,0,1,0,1,0,0,0,0,0,1,0,1,0,0,1,0,1,1,1,0,0,1,0,0,0,0,0,1,1
0.468159821055,0,0,0,0,1,1,0,1,1,0,1,0,1,1,0,1,1,0,0,1,0,1,0,1,0,1,0,1,0,1,0,0,0,1,0,1,1,1,1,0,0,1,0,0,0,0,1,0,0,0,1,1,1,1,1,1,0,1,0,0,1,0,0,1,0,0,0,1,1,1,1,1,0,0,0,1,0,0,1,1
0.547030088478,0,1,0,0,1,0,0,1,1,1,1,0,1,1,0,0,0,1,0,1,0,1,1,1,0,0,0,1,1,1,1,1,0,1,1,0,1,1,1,1,1,1,0,0,1,0,1,0,0,1,1,1,1,0,0,1,1,0,0,1,1,0,1,0,1,1,0,1,1,1,1,0,0,0,1,1,1,0,1,1
0.502378999985,0,0,1,1,1,1,0,1,1,0,1,0,1,1,1,1,0,1,0,1,0,1,1,1,0,0,0,1,0,1,0,1,1,1,0,0,0,1,1,0,0,1,0,0,0,0,1,1,0,1,1,1,1,1,1,1,1,0,0,1,0,0,1,0,0,1,0,1,1,1,1,1,0,0,0,1,0,1,1,1
0.12193257424,0,1,1,0,1,0,1,1,0,0,1,0,0,0,0,1,0,0,0,1,0,1,0,1,0,1,0,0,1,1,0,0,0,1,0,0,0,1,0,1,1,1,1,0,1,0,1,0,0,1,1,0,1,0,0,0,0,0,0,0,1,1,1,1,0,1,0,1,1,1,0,0,1,0,0,0,0,0,0,1
0.129453397086,0,0,1,0,1,0,0,1,1,0,1,1,0,0,0,0,0,0,0,0,0,1,0,0,1,1,0,0,1,1,0,1,0,1,0,1,0,0,0,0,1,1,1,0,0,0,1,0,0,1,0,0,1,0,1,0,0,0,0,0,1,1,0,0,0,1,1,1,1,0,1,0,1,0,0,0,0,0,1,1
0.169778125654,0,0,1,0,1,0,0,1,1,1,1,0,0,1,0,1,1,0,0,1,0,1,0,1,1,1,0,0,1,1,0,1,1,1,0,0,0,1,1,0,1,1,1,0,0,0,0,1,0,1,1,1,1,0,1,0,0,1,0,0,1,1,1,1,0,0,0,1,1,1,1,0,1,0,0,0,0,0,1,1
0.0253960910986,0,1,1,0,1,0,0,1,1,0,1,0,0,0,0,1,0,0,0,0,0,1,0,1,0,1,0,1,1,1,0,0,1,1,0,0,0,1,0,0,1,0,1,0,0,0,1,0,0,0,0,0,1,0,0,0,0,0,0,0,1,0,0,0,0,1,0,1,1,0,0,0,1,0,0,0,0,0,0,1
0.116447089143,0,0,1,0,1,0,0,0,1,0,0,0,0,1,0,1,0,0,0,1,0,1,0,0,1,0,0,1,0,0,0,0,1,1,0,0,0,0,0,0,0,0,1,0,0,0,1,0,0,1,0,1,1,0,1,0,1,0,0,0,1,0,1,1,0,1,0,1,1,1,1,0,1,0,0,0,0,0,0,1
0.104566107827,0,0,0,1,1,0,0,1,1,0,1,0,0,1,0,1,1,1,0,1,0,1,0,1,1,1,0,1,1,1,0,1,0,1,1,0,0,1,1,0,1,0,1,0,1,0,1,1,1,1,1,1,1,1,1,0,0,0,0,0,1,1,1,0,0,1,0,1,1,1,1,0,1,0,0,0,1,0,0,1
0.319997881506,0,0,0,1,1,0,0,1,1,0,1,0,0,1,1,0,0,0,0,1,0,1,1,0,0,0,0,1,0,1,0,1,1,1,0,0,0,0,0,0,0,1,1,0,0,0,0,0,0,1,1,1,1,1,1,0,1,1,0,0,1,0,1,0,0,1,1,1,1,1,1,1,0,0,0,0,0,0,1,1
0.145347189152,0,0,1,1,1,0,0,1,1,0,1,0,0,1,0,1,0,0,0,1,0,1,0,1,1,1,0,0,0,0,0,0,1,1,0,0,0,1,0,1,1,0,1,0,0,0,1,1,0,1,1,1,1,0,1,0,1,0,0,0,1,1,1,0,0,1,0,1,1,1,1,1,0,0,0,0,0,1,0,1
0.093299499247,0,1,1,1,1,0,0,1,0,0,1,0,0,1,0,1,0,0,0,1,0,1,0,0,1,1,0,0,1,1,0,1,0,1,0,0,0,0,1,0,1,1,1,0,0,0,0,0,0,0,0,1,1,1,1,0,1,1,0,0,1,1,1,0,0,1,0,1,1,0,1,0,0,0,0,0,0,0,0,1
0.0751757911882,0,1,0,1,1,0,0,1,1,0,1,0,0,1,0,1,0,0,0,1,0,1,0,1,1,1,0,0,1,1,0,0,0,1,0,0,0,1,0,0,0,1,1,0,0,0,0,0,0,1,1,0,1,0,1,0,0,0,0,0,1,0,1,0,0,1,0,1,1,1,1,0,0,0,0,0,0,0,1,1
0.420040634035,0,0,0,0,1,0,0,1,1,0,1,0,1,1,0,1,0,0,0,1,0,1,0,1,0,1,0,1,1,1,0,0,0,1,0,1,1,1,0,1,1,1,0,0,0,0,1,1,0,1,1,1,1,1,1,1,1,0,0,1,1,0,1,0,0,1,0,1,1,0,1,0,0,0,0,1,0,0,1,1
0.168884531877,0,1,1,1,1,0,0,1,1,0,1,0,0,0,0,1,0,0,0,1,0,1,0,1,1,0,0,0,1,1,0,0,0,1,0,0,0,1,0,0,0,1,1,0,0,0,0,0,0,1,1,0,1,0,1,0,0,1,1,0,1,0,1,1,0,1,1,1,1,1,1,0,1,0,0,0,0,0,0,1
0.182637186677,0,1,1,0,1,0,0,1,1,0,1,1,0,1,0,1,1,0,0,1,0,1,0,0,1,1,0,0,1,1,0,1,1,1,0,1,1,1,0,0,1,1,1,0,1,0,0,1,0,1,1,0,1,0,1,0,1,0,0,0,1,1,1,0,0,1,1,1,1,0,1,0,1,0,0,1,0,0,0,1
0.175908284162,0,0,1,0,1,0,0,1,1,0,1,0,0,1,0,1,0,0,0,1,0,1,0,1,1,1,0,0,1,1,0,1,0,1,0,1,0,1,1,0,0,1,1,0,0,0,0,0,0,1,1,0,1,0,1,1,0,0,0,0,1,1,1,0,0,1,1,1,1,1,1,0,1,0,0,0,0,1,1,1
0.107637476508,0,1,1,1,1,0,0,1,1,0,1,0,0,1,0,1,1,0,0,1,0,1,1,1,1,1,0,1,1,1,0,0,1,1,0,0,0,1,1,0,1,1,1,0,0,0,1,0,0,1,1,1,1,1,1,0,0,0,0,0,1,1,1,0,0,1,0,1,1,1,1,1,0,0,0,0,0,1,0,1
0.0721822472045,0,0,1,0,1,0,0,1,1,0,1,0,0,0,0,1,0,0,0,1,0,1,0,0,1,0,0,0,1,1,0,0,0,1,0,0,0,0,0,0,1,1,1,0,0,0,0,0,0,1,0,0,1,0,0,0,0,1,0,0,1,0,0,0,0,1,1,1,1,0,1,0,1,0,0,0,0,0,0,1
-0.0459174323985,0,0,1,1,1,0,0,0,1,0,1,0,0,1,0,1,1,0,0,1,0,1,1,1,1,1,0,0,1,0,0,0,0,1,0,0,0,0,0,0,1,0,1,0,1,0,1,1,0,1,1,0,1,0,1,0,0,0,0,0,1,1,1,0,0,1,0,1,1,1,1,0,1,0,0,0,0,0,0,1
0.120919688921,0,0,1,0,1,0,0,1,1,0,1,0,0,0,0,1,1,1,0,1,0,1,0,1,1,1,0,1,1,0,0,1,0,1,1,0,0,0,1,1,0,0,1,0,0,0,0,1,1,1,1,1,1,0,0,0,0,0,0,0,1,1,1,0,0,1,0,1,1,0,1,0,1,0,0,0,0,1,0,1
0.298154486013,0,0,0,0,1,1,0,1,1,0,1,0,0,1,0,0,0,0,0,1,0,0,1,1,0,1,0,1,0,1,0,0,0,1,0,0,0,1,0,0,1,1,1,0,0,0,1,1,0,1,1,0,0,0,1,0,0,0,0,0,1,0,1,0,0,1,0,1,1,1,1,0,0,1,0,0,0,0,0,1
0.322109879553,0,0,1,0,1,0,0,1,1,0,1,0,0,1,0,1,0,0,0,1,0,1,0,1,0,1,0,1,1,1,0,0,1,1,0,0,0,1,0,1,1,1,0,0,1,0,1,1,0,1,1,1,0,0,1,0,0,1,0,0,1,0,0,0,0,1,0,1,1,0,1,1,0,0,1,1,0,0,0,1
0.0726526118995,0,0,1,1,1,0,0,1,1,0,1,1,0,1,0,1,0,0,0,1,0,1,0,1,1,1,0,0,1,1,0,0,0,1,0,0,0,1,0,0,1,1,1,0,0,0,0,0,0,0,1,0,1,0,1,0,1,0,0,0,1,1,1,0,0,1,0,1,1,1,0,1,1,0,0,0,0,1,1,1
-0.0211923753987,0,0,1,1,1,0,0,1,0,0,1,0,0,0,0,1,0,0,0,1,0,1,1,1,0,1,0,0,1,0,0,0,0,1,0,0,0,0,0,0,1,1,1,0,0,0,1,0,0,0,1,0,1,0,1,0,0,0,0,0,1,1,0,0,0,1,0,1,0,0,1,0,1,0,0,0,0,0,0,1
0.406943062647,0,0,1,1,1,0,0,1,1,1,1,0,1,1,0,0,0,0,0,1,0,1,0,0,0,1,0,1,1,1,0,1,1,1,0,0,0,1,1,0,1,1,1,0,0,0,1,0,0,1,1,1,0,1,1,1,1,1,0,0,1,0,1,0,0,1,0,1,1,0,1,1,0,1,0,0,0,0,1,1
0.471095550262,0,0,0,1,1,0,0,1,1,0,1,0,1,1,1,1,0,0,0,1,0,1,0,1,1,1,1,1,0,0,0,1,1,1,0,0,0,1,1,1,0,1,0,0,0,0,1,1,0,1,1,1,0,1,1,1,1,0,0,0,1,0,1,0,1,1,0,1,1,1,1,1,0,0,0,1,0,0,0,1
-0.0569249531647,0,0,1,1,1,0,0,1,0,0,1,0,0,1,0,1,0,0,0,1,0,1,0,1,1,1,0,0,1,0,0,0,0,1,0,0,0,1,0,0,0,1,1,0,0,0,0,0,0,1,1,0,1,1,1,0,0,0,0,0,1,1,1,0,0,1,0,1,1,0,0,0,1,0,0,0,0,0,0,1
0.191348697054,0,0,1,0,1,0,0,1,0,0,1,0,0,1,0,1,0,0,0,1,0,1,0,1,0,1,0,0,1,1,0,1,0,1,0,1,0,0,1,0,0,1,1,0,0,0,1,1,0,1,1,0,1,0,1,0,0,1,0,0,1,0,1,1,0,1,0,1,1,1,0,0,1,0,0,0,0,0,0,1
-0.00306204316147,0,1,1,1,1,0,0,1,1,0,1,1,0,1,0,1,0,0,0,1,0,1,1,1,1,1,0,1,0,1,0,0,0,1,0,0,0,1,0,0,1,0,1,0,0,0,1,0,0,1,0,1,1,0,1,0,1,0,0,0,1,1,1,0,0,1,0,1,1,1,1,0,1,0,0,0,0,0,0,1
0.0429208885987,0,0,1,1,1,0,0,1,1,0,1,0,0,0,0,1,0,0,0,0,0,1,0,0,0,1,0,0,1,1,0,0,0,1,0,0,0,0,0,0,1,1,1,0,0,0,1,0,0,0,1,0,1,0,0,0,0,0,0,0,1,1,1,0,0,1,0,1,1,0,0,0,1,0,0,0,0,1,1,1
0.162507994233,0,0,0,1,1,0,0,1,1,0,1,0,0,1,0,1,0,0,0,1,0,1,1,1,1,1,0,1,0,1,0,1,1,1,0,0,0,1,0,0,0,0,1,0,0,0,1,0,0,0,1,0,1,1,1,1,0,0,0,0,1,1,1,1,0,1,1,1,1,0,1,0,1,0,0,0,0,0,0,1
0.13728374429,0,0,0,1,1,0,0,1,1,0,1,0,0,1,0,1,0,1,0,1,0,1,0,1,0,1,0,1,1,0,0,1,1,1,1,0,0,1,1,0,0,0,1,0,0,0,0,1,0,1,1,1,1,0,1,0,0,0,0,0,1,1,1,0,0,1,0,1,1,1,0,1,1,0,0,0,1,1,0,1
0.371806907938,0,0,0,0,1,0,0,1,1,0,1,0,0,1,0,1,0,0,0,1,0,1,0,1,0,1,0,1,0,0,0,1,1,1,0,0,0,1,1,1,0,1,0,0,0,0,1,1,0,1,1,1,0,0,0,0,1,1,0,0,1,0,1,0,0,1,0,1,1,0,0,0,0,0,0,0,0,1,0,1
0.0740991411531,0,0,1,1,1,0,0,1,0,0,1,0,1,1,0,1,0,0,0,1,0,1,0,1,0,1,0,1,1,1,0,0,0,1,0,0,0,1,0,0,0,1,1,0,0,0,1,0,0,1,0,1,1,0,1,0,0,1,0,0,1,0,1,0,0,1,0,1,1,0,1,0,1,0,0,1,0,0,0,1
0.0848616796252,0,0,1,0,1,0,0,1,1,0,0,0,0,1,0,1,0,0,0,0,0,1,1,0,1,1,0,1,0,0,0,0,0,1,0,1,0,1,0,0,1,1,1,0,0,0,1,1,0,1,1,0,1,1,1,0,0,0,0,0,1,1,1,0,0,1,0,1,1,1,1,0,1,0,0,0,0,0,0,1
0.589053076845,0,0,0,1,1,0,1,1,1,0,1,0,1,1,0,0,0,0,0,1,0,1,0,1,0,0,1,1,1,1,0,1,1,1,0,1,1,1,0,1,0,1,1,0,0,0,1,0,0,1,0,1,0,1,1,1,1,1,0,1,1,0,1,0,0,1,0,1,1,1,1,1,0,1,0,1,0,0,1,1
0.654529190991,0,1,0,1,1,0,0,1,1,0,1,0,1,1,0,1,0,0,0,1,0,1,0,1,1,1,1,1,1,1,0,0,0,1,0,1,0,1,0,1,0,1,0,0,0,0,1,1,0,1,1,1,0,1,1,1,1,1,0,1,1,0,1,1,0,1,0,1,1,0,1,0,0,1,1,1,0,1,1,1
0.327265358233,0,0,0,0,1,0,0,0,1,0,1,0,0,1,0,0,0,0,0,1,0,1,0,0,1,1,0,1,0,1,0,0,1,1,0,1,0,1,0,0,1,1,0,0,0,0,1,0,0,0,0,1,0,0,0,1,0,0,0,0,1,0,1,0,0,0,0,1,1,0,0,0,0,1,0,0,0,0,0,1
0.0679689544129,0,1,1,0,1,0,0,1,1,0,1,0,0,1,0,1,0,0,0,1,0,1,0,1,0,1,0,0,1,0,0,0,1,1,0,0,0,0,0,0,1,0,1,0,0,0,0,0,0,1,1,0,1,0,1,0,0,0,0,0,1,0,1,1,0,1,0,1,1,0,1,1,1,0,0,0,0,0,0,1
0.472887219032,0,1,1,1,1,1,1,1,1,1,1,0,1,1,0,1,0,0,0,1,0,1,0,1,0,1,0,1,1,1,0,1,1,1,0,1,1,1,1,1,0,1,1,0,0,0,1,1,0,1,1,1,1,1,1,0,1,0,0,0,1,0,1,0,0,1,1,1,1,1,1,1,1,0,0,1,1,1,0,1
-0.0150121807291,0,0,1,1,1,0,0,1,1,0,1,0,0,1,0,1,1,0,0,1,0,1,1,0,1,1,0,0,0,1,0,0,0,1,0,0,0,1,1,0,1,0,1,0,0,0,1,0,0,1,1,1,1,0,1,0,1,0,0,0,1,1,1,0,0,1,0,1,1,0,1,0,1,0,0,0,0,0,0,1
0.174793696228,0,0,1,0,1,0,0,1,1,1,1,0,0,0,0,1,0,0,0,1,0,1,0,1,0,1,0,1,1,1,0,1,0,1,0,0,0,0,0,0,0,1,1,0,0,0,1,0,0,0,0,0,1,0,1,0,0,0,0,0,1,1,1,1,0,1,0,1,1,1,0,1,1,0,0,0,0,1,1,1
0.0470396270594,0,0,0,1,1,0,0,1,1,0,1,0,0,1,0,1,0,0,0,1,0,1,1,0,1,0,0,1,1,1,0,1,0,1,0,0,0,1,0,0,0,0,1,0,0,0,1,0,0,1,1,0,1,1,0,0,0,0,0,0,1,1,1,0,0,1,1,1,1,0,0,0,1,0,0,0,0,0,0,1
0.0483595712563,0,0,1,1,1,0,0,1,1,0,1,1,0,1,0,1,0,0,0,1,0,1,1,1,1,1,0,1,1,0,0,1,0,1,0,0,0,1,0,0,1,1,1,0,0,0,1,0,0,0,1,0,1,1,1,0,0,0,0,0,1,1,1,0,0,1,0,1,1,0,1,1,1,0,0,0,0,0,0,1
0.403686300093,0,0,0,1,1,0,0,1,1,1,1,0,0,1,0,1,0,0,0,1,0,1,0,1,1,1,0,1,1,1,0,0,0,1,0,1,0,1,0,1,1,0,1,0,1,0,1,1,0,1,1,1,0,1,1,0,0,1,0,0,1,0,1,1,0,1,0,0,1,1,1,0,0,0,1,1,0,1,1,1
0.389763143968,0,0,0,1,1,0,0,1,1,0,1,0,1,1,0,0,0,0,0,1,0,0,0,1,1,1,0,1,0,1,0,1,1,1,0,0,1,1,0,1,1,1,0,0,0,0,1,1,0,1,1,1,0,0,1,0,1,0,0,0,1,0,1,0,0,1,0,1,1,1,1,0,0,0,0,0,0,1,0,1
0.122089452486,0,1,1,0,1,0,0,1,1,0,1,0,0,0,0,1,1,0,0,1,0,1,0,1,0,1,0,0,0,1,0,0,0,1,0,0,0,1,0,0,0,0,1,0,0,0,1,1,0,1,1,1,1,0,0,0,0,1,0,0,1,1,1,0,0,1,0,1,1,0,0,1,1,0,0,0,0,0,0,1
0.0540120039241,0,1,1,1,1,0,0,1,1,0,1,0,0,1,0,1,0,0,0,1,0,1,0,1,1,0,0,0,0,1,0,0,0,1,0,0,0,0,0,0,1,0,1,0,0,0,1,0,0,0,1,1,1,0,1,0,0,1,0,0,1,1,1,0,0,1,0,1,1,1,0,0,1,0,0,0,0,0,1,1
0.53576379426,0,1,0,0,1,0,0,0,0,0,1,0,1,1,0,0,0,0,0,1,0,1,0,0,0,0,0,1,0,1,0,1,0,1,0,1,1,1,0,0,0,0,0,0,0,0,1,1,0,1,1,1,1,0,1,1,0,1,0,0,1,0,1,1,0,1,0,1,1,0,0,1,0,1,1,1,0,0,1,1
0.431866239064,0,0,0,0,1,0,0,1,1,1,1,0,0,1,0,0,0,0,0,1,0,1,1,0,0,1,0,1,1,1,0,0,0,1,0,0,1,1,0,0,0,1,0,0,0,0,1,1,0,0,1,1,0,1,1,1,0,1,0,0,1,0,1,1,0,1,0,1,1,1,1,1,0,0,0,1,0,0,0,1
0.162501801359,0,0,0,1,1,0,0,1,1,0,1,0,0,1,0,1,0,0,0,1,0,1,0,1,0,1,0,0,1,1,0,1,0,1,0,0,0,1,1,0,0,1,1,0,1,0,0,0,0,1,1,0,1,0,1,0,0,0,0,0,1,1,1,1,0,1,0,1,1,1,0,1,1,0,0,1,0,1,1,1
0.152796428932,0,0,1,1,1,0,0,0,1,0,1,0,1,1,0,1,1,0,0,1,0,1,0,1,1,1,0,1,1,1,0,1,1,1,0,0,0,1,1,0,1,1,1,0,0,0,1,1,0,1,1,0,1,0,1,0,1,0,0,0,1,1,1,0,0,1,1,1,1,1,1,0,0,0,0,0,0,0,0,1
0.104536629266,0,1,0,1,1,0,0,1,1,0,1,0,0,0,0,1,0,0,0,1,0,1,1,1,1,1,0,0,0,1,0,0,0,1,0,0,0,0,1,0,1,1,1,0,0,0,1,1,0,0,1,0,1,1,1,0,0,0,0,0,1,1,0,1,0,1,0,1,1,1,1,0,1,0,0,0,0,0,0,1
0.2324917773,0,0,1,1,1,1,0,1,1,0,1,0,0,0,0,1,0,0,0,1,0,1,0,1,0,1,0,0,1,0,0,1,0,1,0,0,0,0,0,0,1,1,1,0,0,0,1,0,0,1,0,1,1,0,1,0,1,0,0,0,1,0,1,1,0,1,1,1,1,0,1,1,1,0,0,1,0,0,0,1
0.0857803734071,0,0,1,0,1,1,0,0,1,0,1,0,0,1,0,1,0,0,0,1,0,1,0,1,1,1,0,0,1,1,0,1,0,1,0,0,0,1,1,0,1,0,1,0,0,0,1,1,0,1,1,1,1,0,1,0,0,0,0,0,1,0,1,0,0,1,0,1,1,0,1,0,1,0,0,0,0,0,0,1
0.0408740781052,0,1,1,1,1,0,0,1,1,0,1,0,0,1,0,1,0,0,0,1,0,1,0,1,1,1,0,1,1,0,0,1,0,1,0,0,0,1,0,0,1,0,1,0,1,0,1,0,0,1,1,1,1,1,1,0,0,0,0,0,1,1,1,0,0,1,1,1,1,1,1,0,1,0,0,0,0,1,0,1
0.548807368933,0,1,0,1,1,0,0,1,1,0,1,0,1,1,1,0,0,1,1,1,0,1,1,1,1,1,0,1,0,1,0,1,0,1,1,0,0,1,1,1,0,1,1,0,1,0,1,1,1,1,1,1,1,0,1,1,1,0,0,1,1,0,1,0,0,1,0,1,1,1,1,1,0,0,1,1,0,1,1,1
0.315624186137,0,0,0,1,1,0,0,1,1,0,1,0,1,1,0,0,0,1,0,1,0,1,1,1,1,1,0,1,0,1,0,1,0,1,0,0,0,1,1,1,1,1,0,0,0,0,1,0,0,1,1,1,1,0,1,0,0,1,0,0,1,0,1,0,0,1,0,1,1,0,1,0,0,1,0,0,0,0,0,1
0.320954081161,0,1,0,1,1,0,0,1,1,0,1,1,0,1,1,1,0,0,0,1,0,1,1,0,1,1,0,1,1,1,0,0,0,1,0,1,0,1,0,1,1,1,1,0,0,0,1,0,0,1,0,1,1,1,1,0,0,1,0,0,1,0,1,1,0,1,1,1,1,1,1,1,1,0,0,1,0,1,0,1
0.106693376844,0,0,1,1,1,0,0,1,1,0,0,0,0,0,0,1,0,0,0,1,0,1,1,1,1,1,0,0,1,1,0,0,0,1,0,1,0,0,0,0,1,1,1,0,0,0,1,0,0,0,1,1,1,0,1,0,0,0,0,0,1,1,1,0,0,1,0,1,1,0,1,0,1,0,0,1,0,1,1,1
0.914190087548,0,1,0,0,1,0,1,1,1,1,1,0,1,1,0,0,0,0,1,1,0,1,0,1,0,0,0,1,0,1,1,1,0,1,1,1,1,1,0,1,1,1,0,0,0,1,1,0,0,1,1,0,0,1,1,1,1,1,0,1,0,0,1,1,1,1,1,1,1,0,1,1,0,0,1,1,0,1,1,1
0.139754731774,0,0,0,1,1,0,0,1,0,0,1,0,0,1,0,1,0,0,0,1,0,1,0,1,0,1,0,1,1,0,0,0,0,1,0,1,0,0,0,0,0,0,1,0,0,0,1,1,0,1,1,1,1,0,1,1,0,0,0,0,1,0,1,0,0,1,0,1,1,1,0,0,1,0,0,1,0,1,0,1
0.0224525667641,0,0,0,0,1,0,0,0,0,0,0,0,0,1,0,1,0,0,0,0,0,1,0,0,0,1,0,0,1,1,0,0,0,0,0,0,0,0,0,0,0,0,1,0,0,0,0,0,0,0,0,0,1,0,0,0,0,0,0,0,1,0,0,0,0,1,0,1,1,0,0,0,1,0,0,0,0,0,0,1
0.14624607369,0,0,1,0,1,1,0,1,1,0,1,0,0,1,0,1,1,0,0,1,0,1,0,1,1,1,0,1,1,0,0,1,0,1,0,0,0,1,1,0,1,1,1,0,0,0,0,1,0,1,1,1,1,0,1,0,1,0,0,0,1,0,1,0,0,1,0,1,1,1,0,0,1,0,0,0,1,0,0,1
0.0348487788611,0,0,0,1,1,0,0,1,1,0,1,0,0,1,0,1,0,0,0,1,0,1,1,0,1,1,0,0,1,1,0,0,0,1,0,0,0,1,0,0,0,1,1,0,0,0,1,0,0,1,0,1,1,1,1,0,0,1,0,0,1,1,1,0,0,1,0,1,1,0,0,0,1,0,0,1,0,0,0,1
0.105999050061,0,0,1,1,1,0,0,0,1,0,1,0,0,0,0,1,0,0,0,1,0,1,0,0,0,1,0,0,1,0,0,0,0,1,0,0,0,1,0,0,0,0,1,0,0,0,1,0,0,1,1,0,1,0,0,0,0,0,0,0,1,0,0,1,0,0,0,1,1,0,1,1,1,0,0,0,0,0,1,1
-0.0420211124876,0,0,0,1,1,0,0,1,1,0,1,0,0,1,0,1,0,0,0,1,0,1,1,1,0,1,0,1,1,0,0,0,0,1,0,0,0,1,0,0,1,1,1,0,0,0,1,0,0,1,0,0,1,0,0,0,0,0,0,0,1,1,0,0,0,1,0,1,1,0,0,0,1,0,0,0,0,0,0,1
0.0331173898236,0,0,1,1,1,0,0,1,1,0,1,1,0,1,0,1,0,1,0,0,0,1,0,1,1,1,0,1,1,1,0,1,0,1,0,0,0,1,1,0,1,0,1,0,1,0,1,0,0,1,1,1,1,1,0,0,0,0,0,0,1,1,1,0,0,1,0,0,1,0,1,0,1,0,0,0,0,0,0,1
0.388301818591,0,1,0,1,1,0,0,1,1,0,1,0,1,1,0,1,0,0,0,1,0,1,0,1,1,0,0,1,0,0,0,1,1,1,0,0,0,1,0,1,1,1,1,0,0,0,1,1,0,1,1,1,0,0,1,0,1,1,0,0,1,0,0,0,0,1,0,1,1,1,1,0,0,1,0,1,0,1,0,1
0.358221165203,0,0,0,1,1,0,0,1,1,0,1,0,1,1,0,0,0,0,0,1,0,1,0,0,1,1,0,1,0,1,0,1,0,1,0,0,0,1,0,1,0,1,0,0,0,0,1,1,0,1,1,1,1,0,1,0,0,1,0,0,1,0,1,0,0,1,0,1,1,1,1,0,0,0,1,1,0,1,0,1
0.501014340748,0,1,0,1,1,0,0,1,1,0,1,0,0,1,0,0,0,0,1,1,0,1,1,1,0,1,0,1,0,1,0,0,0,1,0,1,1,1,1,1,0,1,1,0,0,0,1,0,0,1,1,1,1,1,1,1,1,1,0,0,1,0,0,1,0,1,0,1,1,1,1,0,1,1,1,1,0,0,1,1
0.325714518551,0,1,0,1,1,0,0,1,1,0,1,0,0,1,0,1,0,0,0,1,0,1,0,0,1,1,0,1,0,1,0,0,0,1,0,1,0,1,0,1,1,1,0,0,0,0,1,1,0,1,1,1,1,0,1,0,0,1,0,0,1,0,1,1,0,1,0,1,1,1,1,0,1,1,0,1,0,0,0,1
0.700144240035,0,0,0,0,1,0,1,1,1,0,1,0,1,1,0,1,0,0,1,1,0,1,0,1,0,1,0,1,1,1,1,0,1,1,1,1,1,1,0,1,0,1,0,0,0,0,1,0,1,0,1,1,0,1,1,1,0,1,0,1,0,0,1,1,0,1,0,1,1,0,1,1,0,0,1,1,0,0,1,1
0.818025918928,0,1,0,0,1,0,1,0,1,1,1,0,1,1,0,1,0,1,1,1,0,1,0,1,0,1,0,1,1,1,1,1,0,1,1,1,1,1,0,1,1,1,0,0,0,0,1,1,1,1,1,1,1,1,1,1,1,1,0,1,0,0,1,1,0,1,0,1,1,0,1,1,0,1,1,1,1,0,1,1
-0.0375706831671,0,1,0,1,1,0,0,1,1,0,1,0,0,1,0,1,0,0,0,0,0,1,1,0,0,1,0,0,1,1,0,0,0,1,0,0,0,1,0,0,0,0,1,0,0,0,0,0,0,0,1,0,1,0,1,0,0,0,0,0,1,1,0,0,0,1,0,0,1,0,0,0,1,0,0,0,0,0,0,1
0.0767323840025,0,1,1,1,1,0,0,1,1,0,1,0,0,1,0,1,0,0,0,1,0,1,0,1,1,1,0,1,0,1,0,0,1,1,0,0,0,1,1,0,1,1,1,0,0,0,1,1,0,1,1,1,1,1,1,0,0,0,0,0,1,1,1,0,0,1,0,1,1,1,1,0,1,0,0,0,0,0,1,1
0.173878123746,0,0,1,1,1,0,0,1,1,0,1,0,0,1,0,0,0,0,0,1,0,1,0,1,0,1,0,0,1,1,0,1,0,1,0,1,0,0,1,1,1,1,1,0,0,0,1,1,0,1,1,1,1,0,1,0,0,0,0,0,1,1,1,0,0,0,0,1,1,1,1,0,1,0,0,0,0,1,1,1
0.0276420631469,0,1,1,1,1,1,0,1,1,0,1,0,0,1,0,1,0,0,0,1,0,1,0,1,0,1,0,0,1,0,0,0,0,1,0,0,0,1,1,0,1,0,1,0,0,0,1,0,0,0,1,1,1,0,1,0,0,0,0,0,1,1,1,0,0,1,0,1,1,0,0,0,1,0,0,0,0,0,1,1
0.0844816410682,0,0,1,0,1,0,0,0,1,0,1,0,0,1,0,1,0,0,0,0,0,1,0,0,1,0,0,0,1,1,0,0,0,1,0,0,0,1,0,0,0,0,1,0,0,0,1,0,0,1,1,0,0,0,1,0,0,0,0,0,1,0,0,1,0,1,0,1,1,0,1,0,1,0,0,0,0,0,0,1
0.280365498084,0,0,0,1,1,0,1,1,1,0,1,0,0,1,0,1,1,1,0,1,0,1,0,0,0,1,0,1,1,1,0,1,0,1,1,1,0,1,1,0,0,0,1,0,1,0,1,1,0,1,0,1,1,0,1,0,0,0,0,0,1,0,1,0,0,1,0,1,1,1,1,1,1,0,0,1,1,1,1,1
0.323106412366,0,0,0,0,1,0,0,1,1,0,1,0,0,1,0,1,0,0,0,1,1,1,0,0,0,0,1,1,0,1,0,1,0,1,0,0,0,1,0,0,1,1,0,0,0,0,1,1,0,1,1,1,0,0,1,0,0,0,0,0,1,0,1,0,0,1,0,1,1,1,1,0,0,0,0,1,0,0,1,1
0.528380803861,1,1,0,0,1,0,0,0,1,0,1,0,1,1,0,1,0,1,0,1,0,1,0,1,0,1,0,1,1,1,0,1,1,1,0,1,1,1,0,1,0,1,1,0,0,0,1,1,0,1,1,1,1,1,1,1,1,1,0,1,1,0,1,0,0,1,0,1,1,1,1,1,0,0,0,1,0,0,1,1
0.422993707767,0,0,0,1,1,0,0,1,1,1,1,0,0,1,0,1,0,1,0,1,0,1,0,1,0,1,0,1,1,0,0,0,0,1,0,1,0,1,1,0,1,1,1,0,1,0,1,0,0,1,0,1,1,0,1,1,1,1,0,0,1,0,1,1,0,1,0,1,1,0,0,1,0,1,1,1,0,1,0,1
0.11601190964,0,1,1,1,1,1,0,1,1,0,0,0,0,1,0,1,1,0,0,1,0,1,0,1,1,1,0,0,0,1,0,0,0,1,0,1,0,1,0,0,1,1,1,0,0,0,0,1,0,1,0,1,1,0,1,0,1,0,0,0,1,1,1,0,0,0,0,1,1,1,0,0,1,0,0,0,0,0,0,1
0.737978029139,0,1,0,0,1,0,0,1,1,0,1,0,1,1,1,1,0,1,0,1,0,1,1,1,1,1,0,0,0,0,1,1,0,1,0,1,1,1,1,1,1,1,0,0,0,0,1,1,0,1,1,1,1,1,1,1,1,1,0,1,0,0,1,0,1,1,0,1,1,1,1,1,0,1,1,1,1,1,1,1
0.756365015165,0,0,0,0,1,0,0,1,1,0,1,0,1,1,0,0,0,0,1,1,0,0,1,1,1,0,0,1,1,1,1,1,1,1,0,1,1,1,0,1,0,1,0,0,0,0,1,0,0,1,1,1,0,1,1,1,1,1,0,1,1,0,1,1,0,1,0,1,1,1,1,1,0,1,1,1,0,1,1,1
0.530519595433,1,1,0,1,1,0,0,1,1,0,1,0,1,1,1,1,0,0,1,1,0,1,1,1,1,1,1,1,1,1,0,1,0,1,0,0,1,1,0,1,1,1,1,0,0,0,1,1,0,1,1,1,0,1,1,0,1,1,0,0,1,0,1,1,0,1,0,1,0,1,1,0,0,0,0,1,0,1,1,1
0.607917083286,1,1,0,1,1,0,0,1,1,0,1,0,1,1,0,1,0,0,1,1,1,1,1,1,1,1,0,1,1,1,0,1,1,1,0,1,1,1,0,1,1,1,0,0,0,0,1,1,0,1,1,1,0,1,1,1,1,1,0,0,1,1,1,1,0,1,0,1,1,1,1,0,0,0,1,1,0,1,1,1
0.65609799674,1,0,0,1,1,1,0,1,1,1,1,0,1,1,0,0,0,0,1,1,1,1,0,1,0,1,0,1,1,1,0,1,0,1,0,1,1,1,0,1,1,1,1,0,0,0,1,1,0,1,1,1,0,0,1,1,1,0,0,1,1,0,1,1,0,1,0,1,1,1,1,0,0,1,1,1,0,0,1,1
0.484862518453,0,1,0,1,1,0,0,1,1,0,1,0,0,1,0,1,0,0,0,1,0,1,0,1,1,1,0,1,1,1,0,1,1,1,0,1,1,1,1,1,1,1,1,0,0,0,1,1,0,1,1,1,0,1,1,1,1,0,0,0,1,0,1,1,0,1,0,1,1,0,1,1,1,1,0,1,0,1,0,1
0.75306704603,0,1,0,0,1,0,1,1,1,1,1,0,1,1,0,0,0,0,1,1,1,1,0,1,1,0,1,1,1,1,1,0,1,1,0,1,1,1,0,1,0,1,0,0,1,0,1,1,0,1,1,1,0,1,1,1,1,1,0,1,1,0,1,1,0,1,0,1,1,1,1,0,0,1,1,1,0,0,1,1
0.808475417364,1,0,0,0,1,0,1,1,1,1,1,0,1,1,0,1,0,0,1,1,0,1,0,1,1,0,0,1,1,1,1,1,0,1,0,1,1,1,0,1,1,1,0,0,0,0,1,1,0,1,1,1,0,1,1,1,1,1,0,1,0,0,1,1,0,1,0,1,1,0,1,0,0,0,1,1,1,1,1,1
0.670938024197,0,1,0,0,1,0,0,1,1,0,1,0,1,1,0,1,0,0,1,1,0,0,1,1,1,1,0,1,0,1,1,1,1,1,0,1,1,1,0,1,1,1,0,0,1,0,0,1,1,1,1,1,0,0,1,1,1,1,0,1,0,0,1,0,0,1,0,1,1,1,1,0,0,0,1,1,0,0,1,1
0.745024968385,0,0,0,1,0,0,0,1,1,0,1,0,1,1,0,1,0,0,1,1,0,0,0,1,1,0,1,1,0,1,1,1,0,1,0,1,1,1,0,1,0,1,0,0,0,0,1,1,0,1,1,1,0,0,1,1,0,1,0,1,0,0,1,1,1,1,0,1,1,1,1,0,0,0,1,1,0,0,1,1
0.33430250807,0,0,1,1,1,0,1,1,1,1,1,0,0,1,0,1,0,0,0,1,0,1,0,1,1,1,0,1,1,1,0,0,0,1,1,1,1,1,0,1,1,1,1,0,0,0,1,0,0,1,1,1,1,0,1,0,0,0,0,1,1,1,1,1,0,0,0,1,1,1,1,0,1,0,1,1,0,1,1,1
0.844578188821,0,1,0,1,1,0,1,1,1,1,1,0,1,1,0,0,0,0,1,1,0,1,1,1,1,1,1,1,1,1,1,0,0,1,1,1,1,1,0,1,1,1,0,1,0,1,1,0,1,1,1,1,0,1,1,1,1,1,0,1,0,0,1,1,0,1,0,0,1,0,1,0,0,1,1,1,1,1,1,1
0.833993188375,0,1,0,0,1,0,1,1,1,1,1,0,1,1,0,0,0,0,1,1,0,1,0,1,1,1,0,0,1,1,1,1,0,1,1,1,1,1,1,1,1,1,0,0,0,1,1,0,0,1,1,1,0,0,1,1,1,1,0,1,0,0,1,1,1,1,0,1,1,0,1,0,0,0,1,1,0,1,1,1
0.816603266168,0,1,0,1,0,1,0,1,1,0,1,0,1,1,0,1,0,0,1,1,0,1,0,1,1,1,0,1,1,1,1,1,1,1,0,1,0,1,0,1,0,1,0,0,0,1,0,1,1,1,1,1,0,1,1,1,1,1,0,1,0,0,1,1,0,1,0,1,1,0,1,0,0,1,1,1,1,1,1,1
0.478331047032,0,0,0,1,1,0,0,1,1,1,1,1,1,1,0,1,0,0,0,1,1,1,1,1,1,1,0,0,1,1,1,0,0,1,0,1,1,1,0,1,1,1,1,0,1,0,0,1,0,1,1,1,0,1,1,0,1,1,0,0,1,0,1,1,0,1,0,1,0,0,0,0,0,0,1,1,0,1,1,1
0.45672061194,0,0,1,1,1,0,0,1,1,0,1,0,1,1,0,1,0,0,1,1,1,1,1,1,1,1,0,1,1,1,0,0,0,1,0,1,1,1,1,1,1,1,1,0,0,0,1,1,1,1,1,1,0,1,1,1,0,1,0,0,1,0,1,1,0,1,0,1,1,1,1,0,1,1,0,1,0,0,1,1
0.502156656813,0,0,0,1,1,0,0,1,1,0,1,0,1,1,1,0,0,0,0,1,0,0,1,0,0,1,0,1,1,1,1,0,0,1,0,1,0,1,0,1,1,1,1,0,1,0,1,0,0,1,1,1,0,1,1,1,1,1,0,1,1,0,0,0,0,1,0,1,1,1,1,0,0,1,1,1,0,0,1,1
0.637938688693,1,1,0,1,1,0,0,1,1,0,1,0,1,1,0,0,0,0,0,1,0,1,0,1,1,0,1,1,1,1,0,0,1,1,0,1,0,1,0,1,1,1,0,0,1,0,1,1,1,1,1,1,0,1,1,1,1,1,0,1,1,0,1,0,0,1,0,1,1,0,1,0,0,1,1,1,0,0,1,1
0.521083919103,0,0,0,1,1,0,0,1,1,0,1,0,0,1,0,1,0,0,0,1,0,1,1,1,1,1,0,1,0,1,0,1,0,1,0,1,0,1,1,0,1,1,0,0,0,0,1,1,0,1,1,1,0,1,1,1,0,1,0,0,1,0,1,1,0,1,0,1,1,0,1,0,0,1,0,1,0,1,1,1
0.776159403771,0,1,0,0,1,0,1,1,1,1,1,0,1,1,1,1,0,0,1,1,0,0,0,1,1,1,0,1,1,1,1,1,1,1,0,1,1,1,1,1,1,1,0,0,0,0,1,1,0,1,1,1,0,1,1,1,1,1,0,1,1,0,1,1,0,1,0,1,1,0,1,0,0,0,1,1,0,1,1,1
0.654296743348,0,1,0,0,1,1,0,1,1,0,1,0,1,0,0,0,0,0,0,1,0,1,0,0,0,1,0,0,0,0,1,0,0,1,0,1,1,1,1,1,1,1,0,0,0,0,1,0,0,1,0,1,0,1,1,0,1,1,0,1,0,0,1,1,0,1,0,1,1,0,1,0,0,0,1,1,0,1,1,1
0.740763113847,0,1,0,0,0,0,1,1,1,1,1,0,1,1,0,0,0,0,1,1,0,1,0,1,1,1,0,1,1,1,1,0,1,1,1,1,1,1,0,1,1,1,0,1,0,1,0,1,0,1,0,1,1,1,1,1,0,1,0,1,0,0,1,1,0,1,0,1,1,0,1,0,0,1,1,1,0,0,1,1
0.642510893103,0,1,0,1,1,0,0,1,1,1,1,0,1,1,0,1,0,0,1,1,0,1,0,1,0,1,0,1,1,1,0,1,1,1,0,1,1,1,0,0,1,1,1,0,0,0,1,1,0,1,1,1,0,1,1,1,1,1,0,1,1,0,1,1,0,1,0,1,0,0,1,0,0,1,1,1,0,0,1,1
0.847778719284,0,1,0,1,1,1,1,1,1,1,1,0,1,1,0,1,0,0,1,1,0,1,1,1,1,1,1,1,1,1,0,0,0,1,0,1,1,1,1,1,1,1,0,0,0,0,1,1,1,1,1,1,0,1,1,1,1,1,0,1,0,0,1,1,0,1,0,1,1,0,1,0,0,1,1,1,0,1,1,1
0.998359980198,0,1,0,0,0,1,1,1,1,1,1,0,1,0,0,1,0,0,1,1,0,1,0,1,0,1,1,1,0,1,1,1,0,1,1,1,0,1,1,1,1,1,0,0,0,1,1,1,0,1,1,1,0,1,1,1,1,1,0,1,0,0,1,1,1,1,0,1,1,0,1,0,0,1,1,1,1,1,1,1
0.886503506109,0,1,0,0,1,1,1,1,1,1,1,0,1,1,0,0,0,0,1,1,0,1,0,1,1,1,0,1,0,1,0,0,0,1,1,1,1,0,0,1,1,1,0,1,0,0,1,0,1,0,1,1,0,1,1,1,1,1,0,1,0,0,1,1,1,1,0,1,1,0,1,0,0,0,1,1,1,1,1,1
0.670390647963,0,1,0,1,1,0,0,1,1,1,1,0,1,1,1,0,0,0,1,1,0,1,0,1,1,1,1,1,1,1,0,1,0,1,0,1,1,1,0,1,1,1,1,0,0,0,1,1,0,1,1,1,0,1,0,1,1,1,0,1,1,0,1,1,0,1,0,1,1,0,1,0,1,1,1,1,0,0,1,1
0.695586524422,0,0,0,1,1,0,1,1,1,0,1,0,1,1,0,0,0,0,1,1,0,0,0,1,1,1,0,1,1,1,0,1,1,1,0,1,1,1,0,1,1,1,0,0,1,0,1,1,0,1,1,1,0,1,1,1,1,1,0,1,1,0,1,1,0,1,0,1,1,1,1,0,0,0,1,1,0,0,1,1
0.689273643656,0,1,0,1,1,0,1,1,1,0,1,0,1,1,0,0,0,0,1,1,0,0,0,1,1,0,0,1,1,1,1,1,0,1,0,1,1,1,0,1,1,1,0,0,0,0,1,0,0,1,1,1,1,1,1,1,1,1,0,1,1,0,1,1,0,1,0,1,1,1,1,0,0,0,1,1,0,1,1,1
0.661026284396,1,1,0,1,1,0,1,1,1,1,1,0,1,1,0,0,0,0,0,1,0,1,1,1,1,0,0,1,1,1,1,0,0,1,0,1,1,1,0,1,1,0,0,0,1,0,0,1,1,1,1,1,0,1,1,1,0,1,0,1,0,0,1,1,0,1,0,1,1,1,1,0,0,0,1,1,0,1,1,1
0.702409919865,0,1,0,1,1,1,1,1,1,0,1,0,1,1,0,0,0,0,0,1,0,1,1,1,0,1,0,1,1,1,1,0,0,1,0,1,1,1,1,1,1,1,0,0,1,0,1,0,0,1,1,1,0,1,1,1,1,1,0,1,1,0,1,1,1,1,0,1,1,1,1,0,0,1,1,1,0,0,1,1
0.867708221388,1,1,0,0,1,1,1,1,1,1,1,0,1,1,1,0,0,0,1,1,0,0,0,1,1,1,0,1,1,1,1,0,1,1,1,1,1,1,0,1,1,1,0,0,0,0,1,0,1,1,1,1,0,1,1,1,1,1,0,1,0,0,1,1,0,1,0,1,1,0,1,0,0,1,1,1,0,0,1,1
0.819046107588,0,1,0,0,0,0,1,1,1,1,1,0,1,1,0,0,0,0,1,1,0,0,1,1,1,1,0,1,1,1,1,0,0,1,1,1,1,1,0,1,1,1,1,0,0,0,1,1,0,0,1,1,0,1,1,1,0,1,0,1,0,0,1,1,0,1,0,1,1,0,1,0,0,1,1,1,0,1,1,1
0.689866015201,0,1,0,0,1,0,0,1,1,1,1,0,1,0,0,0,0,0,1,0,1,0,0,1,0,0,0,1,1,1,1,0,0,1,1,1,1,1,0,1,1,1,0,0,0,0,0,0,0,1,0,1,0,0,1,1,1,1,0,1,1,0,0,1,0,1,0,1,1,0,1,0,0,1,1,1,0,1,1,1
0.810723662575,1,1,0,0,1,0,1,0,1,1,1,0,1,1,0,0,0,0,1,1,0,0,0,1,0,1,1,1,1,1,0,0,0,1,1,1,1,1,0,1,0,1,0,0,0,0,1,0,1,1,1,1,0,1,1,1,1,1,0,1,1,0,1,1,0,1,0,1,1,0,1,0,0,1,1,1,0,0,1,1
0.872245368964,0,1,0,1,1,1,1,1,1,1,1,0,1,1,0,1,0,0,1,1,0,1,1,1,1,1,1,1,0,1,0,1,0,1,0,1,1,1,1,1,1,1,1,0,0,1,1,0,1,1,1,1,0,1,1,1,1,1,0,1,0,0,1,1,1,1,0,1,1,0,1,0,0,0,1,1,1,1,1,1
0.96316765336,0,1,0,0,1,1,1,1,1,1,1,0,1,1,0,0,0,0,1,1,1,1,0,1,1,1,0,1,0,1,0,0,0,1,1,1,1,1,0,1,1,1,0,1,0,1,1,1,1,1,1,1,0,1,1,1,1,1,0,1,0,1,1,1,1,1,1,1,1,0,1,0,0,1,1,1,1,1,1,1
0.891364726676,0,1,0,1,1,1,1,1,1,0,1,0,1,1,0,0,0,0,1,1,0,1,0,1,1,1,1,1,0,1,0,1,1,1,0,1,0,0,1,1,1,1,0,1,0,0,1,1,0,1,1,1,0,1,0,1,1,1,0,1,0,0,1,1,1,1,0,1,1,0,1,0,1,1,1,1,1,1,1,1
0.3778395206,0,1,1,1,1,0,0,1,1,1,1,0,1,1,0,1,0,0,1,1,0,1,0,1,1,1,0,1,1,1,0,0,0,1,0,1,1,1,1,1,1,1,1,0,1,0,1,1,0,1,1,1,1,0,1,1,1,0,0,1,1,1,1,0,0,1,0,1,0,0,1,0,1,0,0,1,0,1,1,1
0.524493036915,1,1,0,1,1,0,1,1,1,0,1,0,1,1,1,1,0,0,1,1,0,1,1,1,1,1,0,1,1,1,0,0,0,1,0,1,1,1,0,1,1,1,1,0,0,0,1,0,0,1,1,1,0,1,1,0,1,1,0,0,1,0,1,0,1,1,0,1,1,1,1,0,0,0,1,1,0,0,1,1
0.596649631793,1,0,0,1,1,0,0,1,1,0,1,0,1,1,1,1,0,0,1,1,0,1,0,1,1,1,1,1,1,1,0,1,0,1,0,1,1,1,1,1,1,1,1,0,0,0,1,1,0,1,1,1,0,1,1,0,1,1,0,1,0,0,1,0,0,1,0,1,1,0,1,0,0,1,0,1,0,0,1,1
0.471792192199,0,1,0,1,1,0,0,1,1,0,1,0,1,1,0,0,0,0,0,1,0,1,0,1,0,1,0,1,0,1,0,1,0,1,0,0,1,1,0,1,1,1,1,0,1,0,1,1,0,1,1,1,0,0,1,1,1,1,0,0,1,0,1,0,0,1,0,1,1,1,1,0,0,0,1,1,0,0,1,1
0.776780907724,0,1,0,0,1,0,1,1,1,1,1,0,1,1,0,0,0,0,1,1,1,1,0,1,0,0,0,1,1,1,1,0,1,1,0,1,1,1,0,1,1,1,0,0,1,1,1,1,0,1,1,1,0,0,1,1,1,1,0,1,0,0,1,1,0,1,0,1,1,1,0,0,0,1,1,1,0,1,1,1
0.764813398139,0,0,0,1,1,0,0,1,1,1,1,0,1,1,1,0,0,0,1,1,1,0,0,1,1,1,0,1,1,1,1,1,0,1,0,1,1,1,0,1,1,1,0,0,1,0,1,0,0,1,0,1,0,1,1,1,1,1,0,1,0,0,1,1,1,1,1,1,1,1,1,0,0,0,1,1,0,1,1,1
0.716713316521,0,1,0,1,1,0,1,1,1,1,1,0,1,1,0,1,0,0,1,1,0,1,0,1,0,1,1,1,1,1,1,1,1,1,1,1,1,1,1,1,1,1,0,1,0,0,1,0,0,1,1,0,1,1,1,1,1,1,0,1,1,0,0,1,0,1,0,1,1,0,1,0,0,1,1,1,0,1,1,1
0.600954956284,0,1,0,0,1,0,0,1,1,0,1,0,1,0,0,1,0,0,0,1,1,0,0,0,0,0,0,1,1,1,0,0,0,1,0,1,1,1,0,1,0,1,0,0,0,0,1,0,0,0,0,1,0,1,0,1,1,1,0,1,1,0,1,1,0,1,0,1,0,1,0,0,0,1,1,1,0,0,1,1
0.588502242019,0,1,0,0,1,1,1,1,1,1,1,0,1,1,0,1,0,0,0,1,0,1,0,0,0,1,0,1,1,1,1,0,1,1,1,1,1,1,0,1,0,1,0,1,0,0,1,0,0,1,0,0,1,0,1,1,0,1,0,1,1,0,0,1,0,1,0,1,1,0,1,0,0,0,1,1,0,1,1,1
0.922672369511,0,1,0,0,1,1,1,1,1,0,1,0,1,0,0,0,0,0,1,1,0,1,0,1,1,1,0,1,0,1,1,1,0,1,1,1,1,1,1,1,1,1,0,0,0,1,1,1,0,0,1,1,0,1,1,1,1,1,0,1,0,0,1,1,0,1,1,1,1,0,1,0,1,1,1,1,1,1,1,1
0.725452573383,0,1,0,1,1,0,1,1,1,0,1,0,1,1,0,1,0,0,1,1,0,0,1,1,1,1,0,0,1,1,1,0,1,1,0,1,1,1,1,1,1,1,0,0,1,0,1,0,0,1,1,1,0,1,1,1,1,1,0,1,0,0,1,1,0,1,0,1,1,0,1,0,0,0,1,1,0,1,1,1
0.88623771965,0,1,0,1,0,1,1,1,1,1,1,0,1,0,0,0,0,0,1,1,0,1,1,1,1,1,0,1,1,1,0,0,0,1,1,1,1,1,1,1,1,1,0,0,0,1,0,1,0,0,1,1,0,1,1,1,0,1,0,1,0,0,1,1,0,1,1,1,1,0,1,0,0,1,1,1,1,1,1,1
0.636806011207,0,1,1,1,1,0,0,1,1,1,1,0,1,1,1,0,0,0,0,1,0,1,0,1,1,0,1,1,1,1,0,1,1,1,0,1,1,1,0,1,1,1,1,0,0,0,1,1,0,1,1,0,0,1,1,1,1,1,0,1,1,0,1,1,0,1,0,1,1,0,1,0,0,0,1,1,0,1,1,1
0.588099984109,0,0,0,1,1,0,0,1,1,0,1,0,1,1,0,1,0,0,0,1,0,1,0,1,1,0,0,0,1,1,0,0,0,1,0,1,1,1,0,1,0,1,0,0,0,0,1,1,0,1,1,1,0,1,1,1,1,1,0,0,1,0,1,1,1,1,0,1,1,0,1,0,0,0,1,1,0,1,1,1
0.426127730348,0,0,0,1,1,1,1,1,1,0,1,0,1,1,0,0,0,0,0,1,0,1,0,0,1,1,0,1,1,1,0,1,1,1,0,1,1,1,0,1,0,1,1,0,1,0,0,1,0,1,1,1,0,1,1,0,1,1,0,0,1,0,1,0,0,1,0,1,1,0,1,0,1,0,0,1,0,0,1,1
0.787438761523,0,1,0,0,1,0,1,1,1,0,1,0,1,1,0,1,0,0,1,1,0,0,0,1,1,1,0,0,1,1,1,1,1,1,1,1,1,1,1,1,0,1,0,0,1,0,1,1,1,1,1,1,0,1,1,1,1,1,0,1,1,0,1,1,0,1,0,1,1,1,1,0,0,0,1,1,1,1,1,1
0.783154217722,0,1,0,0,1,0,0,1,1,1,1,0,1,1,0,1,0,0,1,1,0,0,0,1,1,1,0,1,0,1,0,1,0,1,1,1,1,1,0,1,1,1,0,0,0,0,1,1,1,1,1,1,0,1,1,1,1,1,0,1,1,0,1,1,0,1,1,1,1,1,1,0,0,0,1,1,0,0,1,1
0.750541374531,1,1,0,1,1,0,0,1,1,1,1,0,1,1,0,1,0,0,1,1,0,1,0,1,1,0,0,1,1,1,1,1,1,1,0,1,1,1,1,1,1,1,1,0,0,0,1,1,0,1,1,1,0,1,0,1,1,1,0,1,0,0,1,1,1,1,0,1,1,0,1,0,0,0,1,1,0,1,1,1
0.770583799173,0,1,0,0,1,0,1,1,1,1,1,0,1,1,0,0,0,0,1,1,0,0,1,1,1,1,0,1,1,1,1,0,1,1,1,1,1,1,0,1,1,1,0,0,0,0,1,0,1,1,1,1,0,1,1,1,1,1,0,1,0,0,1,1,0,1,0,1,1,1,1,0,0,0,1,1,0,0,1,1
0.79015117879,0,1,0,0,1,0,1,1,1,1,1,0,1,1,0,0,0,0,1,1,0,1,1,1,1,1,0,1,1,1,1,0,1,1,1,1,1,1,0,1,1,1,1,1,0,1,1,0,1,1,1,1,0,1,1,1,1,1,0,1,1,0,1,1,1,1,0,1,1,0,1,0,0,1,1,1,0,1,1,1
0.883127983717,0,1,0,1,1,0,1,1,1,1,1,0,1,1,1,0,0,0,1,1,0,0,1,1,1,1,1,1,1,1,1,1,0,1,1,1,1,1,0,1,1,1,1,0,1,0,1,1,0,1,1,1,0,1,1,1,1,1,0,1,0,0,1,1,1,1,0,1,1,1,1,0,0,1,1,1,1,1,1,1
0.966536064426,0,1,0,0,0,1,1,1,1,0,1,0,1,0,0,0,0,0,1,1,0,0,0,1,1,1,1,1,0,1,0,1,0,1,0,1,0,1,0,1,0,1,0,0,0,1,1,1,1,0,1,1,0,1,1,1,1,1,0,1,0,0,1,1,1,1,0,1,1,0,1,0,0,1,0,1,0,1,1,1
0.951479886758,0,1,0,0,1,1,1,1,1,1,1,0,1,0,0,1,0,0,1,1,0,1,0,1,0,1,1,1,1,1,1,1,0,1,1,1,0,1,1,1,1,1,0,1,0,1,1,1,0,1,1,1,0,1,1,1,1,1,0,1,0,0,1,1,1,1,1,1,1,0,1,0,1,1,1,1,1,1,1,1
0.95383782473,0,1,0,0,1,1,1,1,1,0,1,0,1,1,0,0,0,0,1,1,0,1,0,1,1,1,1,1,1,1,1,1,0,1,1,1,1,1,1,1,1,1,0,0,0,1,1,0,0,1,1,1,0,1,1,1,1,1,0,1,0,0,1,1,1,1,0,1,1,0,1,0,0,1,1,1,1,1,1,1
0.558299943642,0,1,0,1,1,0,0,1,1,0,1,0,1,1,1,1,0,0,0,1,0,1,1,1,1,1,1,1,1,1,0,1,1,1,0,1,0,1,0,1,1,1,1,0,1,0,1,1,0,1,1,1,0,1,1,1,1,1,0,1,1,0,1,0,0,1,0,1,1,1,1,0,0,0,1,1,0,1,1,1
0.500880977972,0,0,0,1,1,1,0,1,1,0,1,0,1,1,1,1,0,0,0,1,0,1,0,1,1,1,0,1,1,1,0,0,0,1,0,1,0,1,0,1,1,1,1,0,1,0,1,1,0,1,1,1,0,1,1,0,1,1,0,0,1,0,1,1,0,1,0,1,0,0,1,0,0,0,1,1,0,1,1,1
0.450962088818,1,1,0,1,1,0,0,1,1,0,1,0,1,1,0,1,0,0,0,1,0,1,0,1,1,1,1,1,1,1,0,0,1,1,0,1,0,1,0,1,1,1,0,0,1,0,1,0,0,1,1,1,0,1,1,0,1,1,1,0,1,0,1,0,0,1,0,1,1,1,1,0,0,0,0,1,0,0,1,1
0.52512729099,0,0,0,1,1,0,0,1,1,0,1,0,1,1,0,1,0,0,0,1,0,1,0,1,0,1,1,1,1,1,1,0,0,1,0,1,1,0,0,1,1,1,0,0,0,0,1,1,0,1,1,1,0,1,1,0,1,1,0,0,1,0,1,1,0,1,0,1,1,1,1,0,0,1,1,1,0,0,1,1
0.41059898805,0,0,1,1,1,0,0,1,1,0,1,1,0,1,0,1,0,0,0,1,1,1,0,0,1,1,0,1,1,1,0,1,0,1,0,0,1,1,0,1,1,1,1,0,0,0,1,0,0,1,1,1,0,1,1,0,0,1,0,1,1,0,1,1,0,1,0,1,1,0,1,0,1,1,1,1,0,1,1,1
0.715576704122,0,1,0,1,1,0,0,1,1,0,1,0,1,1,0,0,0,0,1,1,0,1,0,1,1,1,0,1,1,0,1,0,0,1,0,1,0,1,0,1,0,1,0,0,0,1,1,0,0,1,1,1,0,0,1,1,1,1,0,1,0,0,1,1,0,1,1,0,1,1,1,0,0,1,1,1,0,1,1,1
0.539197050296,0,1,0,0,0,0,1,1,0,0,1,0,0,0,0,0,0,0,0,0,0,0,0,0,1,0,1,1,0,0,0,0,0,1,0,1,0,0,0,0,0,0,1,0,0,0,1,0,0,1,1,1,0,0,1,1,0,1,0,1,0,0,0,1,0,0,0,1,1,1,1,0,0,0,1,0,0,0,1,1
0.776572853387,0,1,0,1,1,0,1,1,1,1,1,0,1,1,1,1,0,0,1,1,1,1,0,1,1,1,1,1,1,1,0,1,0,1,1,1,1,1,1,1,1,1,0,1,0,0,1,0,0,1,1,1,0,1,1,1,1,1,0,1,1,0,1,1,0,1,0,1,1,0,1,0,0,1,1,1,0,1,1,1
0.962408241689,1,1,0,0,1,0,1,1,1,1,1,0,1,0,0,0,0,0,1,1,0,0,0,1,1,1,1,1,1,1,1,1,0,1,1,1,1,1,0,1,1,1,0,0,0,1,1,1,1,1,1,1,0,1,1,1,1,1,0,1,0,0,1,1,0,1,1,1,1,0,1,0,0,0,1,1,1,1,1,1
0.913603699689,0,1,0,0,1,1,1,1,1,0,1,0,1,0,0,0,0,0,1,1,0,1,0,1,1,1,0,0,1,1,0,1,0,1,1,1,0,1,0,1,1,1,0,0,0,1,1,0,1,0,1,1,0,1,1,1,1,1,0,1,0,0,1,1,1,1,0,1,1,1,1,0,0,1,1,1,1,1,1,1
0.6370912849,0,1,0,1,1,1,1,1,1,1,1,0,1,1,0,1,0,0,0,1,0,1,0,1,0,1,0,0,0,1,0,0,0,1,0,1,0,0,0,1,0,1,0,0,0,0,1,0,0,0,1,1,0,0,1,1,1,1,0,0,0,1,0,1,1,1,0,1,1,0,1,0,0,0,0,1,1,1,1,1
1.04201212371,0,1,0,0,1,1,1,1,1,1,1,0,1,0,0,0,0,0,1,1,0,0,0,1,1,1,1,1,0,1,1,1,0,1,1,1,0,0,0,1,0,1,0,0,0,1,1,1,0,1,1,1,0,1,1,1,1,1,0,1,0,0,1,1,1,1,1,1,1,0,1,0,0,1,1,1,1,1,1,1
0.626287666018,0,0,0,1,1,0,0,1,1,1,1,0,1,1,1,0,0,0,0,1,0,0,1,1,0,1,0,1,1,1,0,1,0,1,0,1,1,1,0,1,1,1,0,0,0,0,1,1,0,1,1,1,0,0,1,1,1,1,0,1,1,0,1,0,0,1,0,1,0,1,1,0,0,1,1,1,0,0,1,1
0.691037118452,0,0,0,0,1,0,0,1,1,1,1,0,1,1,1,0,0,0,1,1,0,1,0,1,1,0,0,0,1,1,1,1,0,1,1,1,1,1,0,1,0,1,1,0,0,0,1,1,0,1,1,1,0,1,1,1,1,1,0,1,0,0,1,1,0,1,0,1,0,1,0,0,0,0,1,1,0,0,1,1
0.518957163471,0,1,0,1,1,0,1,1,1,1,1,0,1,1,0,1,0,0,1,1,0,1,0,1,1,0,0,1,1,1,0,0,0,1,0,1,1,1,0,1,1,1,1,0,0,0,0,1,0,1,1,1,0,1,1,1,1,0,0,0,1,0,1,1,0,1,0,1,0,0,1,0,0,0,0,1,0,0,1,1
0.759605242082,0,1,0,1,1,0,1,1,1,1,1,0,1,1,0,0,0,0,1,1,0,0,0,1,1,1,0,1,1,1,1,0,0,1,1,1,1,1,0,1,1,1,0,0,1,0,1,1,0,1,1,1,0,0,1,1,1,1,0,1,0,0,0,1,0,1,1,1,1,1,1,0,0,0,1,1,0,0,1,1
0.768497179501,1,1,0,0,1,0,0,1,1,1,1,0,1,1,0,0,0,0,1,1,1,1,0,1,1,0,1,1,1,1,1,0,1,1,1,1,1,1,1,1,1,1,0,0,0,0,1,0,0,0,1,1,0,1,1,1,1,1,0,1,0,0,1,1,0,1,0,1,1,1,1,0,0,0,1,1,0,1,1,1
0.851476771453,0,1,0,0,1,0,1,0,1,1,1,0,1,1,0,0,0,0,1,1,0,0,0,1,1,1,0,1,1,1,1,1,0,1,1,1,1,1,0,1,1,1,0,0,0,0,1,1,0,1,1,1,0,1,1,1,1,1,0,1,0,0,1,1,1,1,0,1,1,0,1,0,0,0,1,1,0,0,1,1
0.887977162342,0,1,0,0,0,0,1,1,1,1,1,0,1,1,0,0,0,0,1,1,0,0,0,1,1,1,0,1,1,1,1,1,0,1,1,1,1,1,0,1,0,1,0,0,1,0,1,0,0,1,1,1,0,1,1,1,1,1,0,1,0,0,1,1,0,1,0,1,1,1,1,0,0,1,1,1,1,1,1,1
0.68271359499,0,1,0,1,1,0,0,1,1,1,1,0,1,1,0,0,0,0,1,1,0,1,0,1,1,1,0,1,0,1,0,1,0,1,1,1,1,1,1,1,1,1,0,1,1,0,1,1,1,0,1,1,0,1,1,1,1,1,0,0,1,0,1,1,0,1,0,1,1,1,1,0,0,0,1,1,0,0,1,1
0.857819834514,0,1,0,0,1,0,1,1,1,1,1,0,1,1,0,0,0,0,1,1,0,0,1,1,0,1,0,1,1,1,1,0,0,1,1,1,1,1,1,1,1,1,0,0,0,0,1,1,1,1,1,1,0,1,1,1,1,1,0,1,0,0,1,1,0,1,0,0,1,0,1,1,0,1,1,1,0,0,1,1
0.83954776211,0,1,0,0,1,1,1,1,1,1,1,0,1,1,0,0,0,0,1,1,0,1,1,1,1,1,0,1,0,1,1,0,0,1,1,1,1,1,0,1,1,1,0,1,0,0,0,0,1,0,1,1,0,1,0,1,1,1,0,1,0,0,1,1,1,1,0,1,1,0,1,0,0,0,1,1,0,1,1,1
0.763956443337,0,1,0,0,0,1,0,1,1,0,1,0,0,0,0,0,0,0,1,1,0,1,0,0,0,1,1,0,0,1,0,0,0,1,1,1,0,1,0,1,1,1,0,1,0,0,1,0,0,0,0,1,0,1,0,1,1,1,0,0,0,0,1,1,0,1,0,1,1,0,1,0,0,0,1,1,1,1,1,1
0.9537276253,0,1,0,0,0,1,1,1,1,0,1,0,1,0,0,0,0,0,1,1,0,1,0,1,1,1,0,1,1,1,1,0,1,1,1,1,0,1,1,1,1,1,1,1,0,1,1,1,1,0,1,1,0,1,1,1,1,1,0,1,0,0,1,1,1,1,1,1,1,1,1,1,0,1,1,1,1,1,1,1
0.541189952272,0,1,0,0,1,0,1,1,1,0,1,0,1,1,0,1,0,0,1,1,0,1,1,1,1,1,0,0,1,1,0,1,0,1,0,1,0,1,0,1,1,1,1,0,1,0,1,1,0,1,1,1,0,0,1,0,1,0,0,1,1,0,1,0,0,1,0,1,1,0,1,0,0,1,1,1,0,0,1,1
0.544939678936,1,1,0,1,1,0,1,1,1,0,1,0,1,1,0,1,0,0,0,1,1,1,0,1,1,0,0,1,1,1,0,1,0,1,0,1,1,1,0,1,1,1,0,0,0,0,1,0,0,1,1,1,0,1,1,0,1,1,0,0,1,0,1,0,0,1,0,1,1,1,1,0,0,1,0,1,0,1,1,1
0.593185155982,1,0,0,1,1,0,1,1,1,0,1,0,1,1,0,0,0,0,0,1,0,0,0,1,1,1,0,1,1,1,0,0,0,1,0,1,1,1,0,1,1,1,0,0,0,0,1,0,0,1,1,1,0,1,1,1,1,1,1,0,1,0,1,1,0,1,0,1,1,0,1,0,0,0,0,0,0,1,1,1
0.533212322635,0,0,0,0,1,0,0,1,0,1,1,0,1,1,0,1,0,0,0,1,0,0,0,1,0,0,0,1,0,0,1,0,0,1,0,1,1,0,0,1,0,1,0,0,0,0,0,0,0,0,0,1,0,1,0,1,0,1,0,1,0,0,1,0,0,1,0,1,1,1,0,0,0,0,1,1,0,0,1,1
0.613769027472,0,0,0,1,1,0,1,1,1,0,1,0,1,1,1,1,0,0,0,1,0,1,0,1,1,1,0,1,0,1,0,0,0,1,0,1,0,1,1,1,1,1,0,0,0,0,1,0,0,1,1,1,0,1,1,1,1,1,0,1,1,0,1,1,0,1,1,1,1,1,1,0,0,1,0,1,0,0,1,1
0.742011641572,1,0,1,1,1,0,1,1,1,1,1,0,1,1,0,0,0,0,1,1,0,0,0,1,1,1,1,1,0,1,1,1,1,1,0,1,1,1,1,1,1,1,0,0,0,0,1,1,0,1,1,1,0,1,0,1,1,1,1,1,1,0,1,0,0,1,0,1,1,0,1,0,0,0,1,1,0,0,1,1
0.673587456779,0,1,0,0,1,0,0,1,1,1,1,0,1,1,0,0,0,0,0,1,0,0,1,1,1,0,0,1,1,1,1,1,0,1,1,1,1,1,0,1,0,1,0,1,0,0,0,1,0,1,1,1,0,1,0,1,1,1,0,1,1,0,1,1,0,1,0,1,1,0,0,0,0,0,1,1,0,0,1,1
0.764677626366,0,1,0,1,1,0,0,1,1,1,1,0,1,1,0,0,0,0,1,1,0,1,1,1,1,0,0,1,0,1,1,1,0,1,1,1,1,1,0,1,1,1,0,0,1,0,1,0,0,1,1,1,0,0,1,1,1,1,0,1,0,0,1,1,0,1,0,1,1,1,1,1,0,0,1,1,0,1,1,1
0.819792342989,1,1,0,1,1,0,1,1,1,1,1,0,1,0,0,0,0,0,1,1,0,0,1,1,1,1,0,1,1,1,1,0,0,1,1,1,1,1,1,1,1,1,0,0,0,0,1,0,0,0,1,1,0,1,1,1,1,1,0,1,0,0,1,1,0,1,0,0,1,0,1,0,0,1,1,1,0,1,1,1
0.708189733921,0,1,0,0,1,0,1,1,1,1,1,0,1,1,0,1,0,0,0,1,0,1,1,1,1,1,0,0,0,1,1,1,0,1,1,1,1,0,0,1,1,1,0,0,0,0,1,1,1,1,1,0,0,0,1,0,0,1,0,1,0,0,1,1,1,1,0,0,1,1,1,0,0,0,1,1,0,1,1,1
0.770525284234,0,1,0,1,0,1,0,1,1,0,1,0,0,1,0,1,0,0,1,1,0,1,0,1,1,1,0,1,0,1,0,1,0,1,0,1,0,0,1,1,1,1,0,1,0,1,1,0,1,1,1,1,0,1,1,1,1,1,0,0,0,0,1,1,1,1,0,1,1,0,1,0,0,1,0,1,0,1,1,1
0.847819812245,0,1,0,0,0,1,1,1,1,0,1,1,1,1,0,0,0,0,1,1,0,1,1,0,0,1,0,1,1,1,1,0,0,1,1,1,0,1,1,1,1,1,0,0,0,1,1,0,0,1,1,1,0,1,1,1,1,1,0,1,0,0,1,1,0,1,0,1,1,0,1,0,0,1,1,1,1,1,1,1