Time,TET1,PHC1,SNAI2,FOXD1,CD44,GABRB3,SOX2,ZNF281,SP1,LEFTY1,SET,CBX7,UTF1,CDH2 (NCAD),HNF4A,TGFBR2,DUSP10,MYC,ZFP42 (REX1),TRIM28,CD48,CDKN1A,JMJD3,RNF2,LATS2,FGF2,LCK,KLF5,KLF4,NACC1,DNMT3L,EZH2,EED,SMARCC2,NODAL,CDH1,LEFTY2,RIF1,ETV5,DNMT3B,KDM5A,JARID2,LOX,Wnt3,Gata6,DPPA2,SALL1,NR0B1(DAX1),TCF3,PTPN6,USP16,SETD1A,HDAC2,LUM,SOX13,SMAD4,SEMA6A,GAL,SALL4,HESX1,CCR7,PRDM14,COL3A1,GREM1,DVL2,APOE,LRRN1,STAT3,OTX2,CCND1,STEMCCA-P2A,TET2,KAT7 (Myst),TDGF1,MASP1,KDR,GDF3,NANOG,ZIC3,LIN28A,POU5F1,GAPDH
0.780262319488,1,1,1,1,1,1,1,1,1,0,1,1,0,1,0,1,1,1,1,1,0,1,1,1,1,1,1,1,1,1,0,1,1,1,1,1,0,1,1,1,1,1,1,0,0,0,1,0,1,1,1,1,1,1,1,1,1,1,1,1,0,1,1,1,1,1,1,1,1,1,0,1,1,1,1,1,1,1,1,1,1,1
0.0104782528412,0,1,1,1,1,0,0,1,1,0,1,0,0,1,0,1,0,1,0,1,0,1,1,1,1,1,0,1,1,1,0,0,0,1,0,0,0,1,1,0,1,1,1,0,0,0,1,0,1,0,1,1,1,1,0,1,0,0,0,0,0,0,1,1,0,0,0,1,0,1,1,0,1,0,1,0,0,1,0,0,0,1
0.120660629135,0,1,1,1,1,0,0,1,1,0,1,0,0,1,0,1,1,1,0,1,0,1,0,1,1,1,0,0,1,1,0,0,1,1,0,1,0,1,1,0,1,1,1,0,0,0,0,0,1,0,1,1,1,1,0,1,0,1,0,0,0,0,1,0,1,0,0,0,0,1,1,1,1,0,1,0,0,0,0,0,0,1
0.235849888381,0,1,1,0,1,0,0,1,1,0,1,0,0,1,0,1,0,1,0,1,0,1,0,0,1,1,0,1,1,1,0,0,0,1,0,1,0,0,0,0,0,1,1,0,0,0,1,0,1,0,1,1,1,1,1,1,0,0,1,0,0,0,1,0,0,1,0,1,0,1,1,1,1,0,1,0,1,1,0,0,0,1
0.192248395581,0,1,1,1,1,0,0,1,1,0,1,0,0,0,0,0,0,1,0,1,0,1,0,1,1,0,0,1,0,1,0,0,0,1,0,0,0,0,1,0,1,1,1,0,0,0,1,0,0,0,1,1,1,1,1,1,0,0,1,0,0,0,1,0,0,1,0,1,0,1,1,0,1,0,1,0,0,0,0,0,0,1
0.186173924398,0,1,1,1,1,0,0,1,0,0,1,0,0,0,0,1,0,1,0,1,0,1,0,1,0,0,0,1,0,1,0,0,0,1,0,1,0,1,1,0,1,0,1,0,0,0,1,0,0,0,1,1,1,1,0,1,0,0,0,0,0,0,1,0,0,0,0,1,0,1,1,1,1,0,0,0,1,1,0,0,0,1
0.621555115907,0,0,0,1,1,0,1,1,1,0,1,0,1,1,0,0,0,1,0,1,0,1,0,1,1,1,0,1,1,1,1,0,0,1,0,1,1,1,0,1,1,1,1,0,0,0,1,0,0,0,1,1,1,0,0,0,1,1,1,0,0,1,0,0,1,0,0,1,0,1,1,1,1,1,0,0,1,1,1,1,1,1
0.822022914157,0,1,0,1,1,0,1,1,1,1,1,0,1,1,0,0,0,1,1,1,0,0,0,1,1,0,0,0,0,1,0,0,0,1,1,1,1,0,0,1,0,1,0,0,0,1,0,0,0,0,1,1,1,0,0,1,1,1,1,0,0,1,0,0,1,1,1,1,1,1,1,1,1,1,0,0,1,1,0,0,1,1
0.601023253219,0,1,0,0,1,0,0,1,1,0,1,0,1,1,1,1,0,1,1,1,1,0,0,1,1,0,0,1,1,1,0,0,0,1,0,1,0,1,1,1,0,1,0,0,1,0,1,0,1,0,1,1,1,0,0,1,0,0,1,0,0,0,1,0,1,1,0,0,0,1,1,1,1,1,0,1,1,1,0,0,1,1
0.177553490138,0,1,1,0,1,0,0,1,1,0,1,0,0,1,0,1,0,1,0,1,0,1,0,0,0,1,0,0,1,1,0,0,0,1,0,1,0,1,0,1,1,1,1,0,0,0,1,0,0,0,1,1,1,1,1,1,0,0,0,0,0,0,1,1,1,1,0,1,0,0,1,0,1,1,1,0,0,0,0,0,0,1
0.824633891373,1,1,0,0,1,0,1,1,1,1,1,0,1,1,0,0,0,1,1,1,0,1,0,1,1,1,0,1,1,1,1,0,0,1,1,1,1,1,1,1,1,1,0,0,0,1,1,0,0,0,1,1,1,0,1,0,1,1,1,0,0,1,0,0,1,1,0,1,0,0,1,0,1,1,0,0,1,1,0,1,1,1
0.878317607386,1,1,0,0,1,1,1,1,1,1,1,0,1,1,1,0,0,1,1,1,0,1,0,1,1,1,0,1,1,1,1,0,0,1,0,1,1,1,0,1,1,1,0,0,0,1,1,0,1,0,1,1,1,0,1,1,1,0,1,0,0,1,0,0,1,1,0,1,1,1,1,1,1,1,0,0,1,1,0,1,1,1
0.32925528578,0,0,0,1,1,0,0,1,1,0,1,0,1,1,0,0,0,1,0,1,0,1,0,1,1,1,1,0,0,1,0,0,1,1,0,0,0,1,1,0,0,1,1,0,0,0,1,0,1,0,1,1,1,0,1,1,1,1,0,0,0,0,1,0,1,0,0,1,0,1,1,1,1,0,0,0,0,0,0,0,0,1
0.00172996447343,0,0,1,1,1,0,0,1,1,0,1,0,0,1,0,1,0,1,0,1,0,1,0,1,1,1,0,0,1,1,0,0,1,1,0,0,0,1,1,0,1,0,1,0,0,0,1,0,1,0,1,1,1,1,0,1,0,1,0,0,0,0,1,1,1,0,0,1,0,1,1,0,1,0,1,0,0,0,0,0,0,1
-0.000497775236005,0,0,1,1,1,0,0,1,1,0,1,0,0,1,0,1,1,1,0,1,0,1,0,1,1,1,0,0,1,1,0,0,1,1,0,0,0,1,0,0,1,0,1,0,0,0,0,0,1,0,1,1,1,1,1,1,0,1,0,0,0,0,1,1,1,0,0,0,0,1,1,1,0,0,1,0,0,0,0,0,0,1
0.184100581897,0,0,1,1,1,0,0,1,1,0,1,0,0,1,0,1,0,1,0,1,0,1,0,0,1,0,0,0,0,1,0,0,0,1,0,0,0,1,1,0,1,1,1,0,0,0,1,0,0,0,1,1,0,1,0,1,0,1,1,0,0,0,1,0,1,1,0,1,0,1,1,0,0,0,1,0,0,0,0,1,0,1
0.417548813342,0,1,1,0,0,0,0,1,1,0,1,0,1,1,0,1,0,1,0,0,0,1,1,0,0,1,0,0,1,1,0,0,0,1,0,0,1,1,1,0,1,1,0,0,0,0,1,0,0,0,1,1,1,0,1,0,1,0,1,0,0,0,1,0,1,1,0,1,0,1,1,1,1,0,0,1,0,1,0,0,0,1
0.126506084111,0,1,1,1,1,0,0,1,1,0,1,0,0,1,0,0,1,1,0,1,0,1,0,1,1,1,0,0,0,1,0,0,1,1,0,0,0,1,0,1,1,1,1,0,0,0,1,0,1,0,1,1,1,1,0,1,0,1,0,0,0,0,1,1,1,0,0,1,0,1,1,1,1,0,1,0,0,0,0,0,0,1
0.444415546277,0,0,0,1,1,0,0,1,1,0,1,0,0,1,0,0,0,1,0,1,0,1,0,1,0,1,0,0,0,1,0,0,1,1,0,1,0,1,0,0,1,1,1,0,0,0,1,0,0,0,0,1,1,0,1,1,1,0,1,0,0,0,1,0,1,1,0,1,0,1,1,1,1,0,0,1,1,1,0,0,0,1
0.660339412401,0,1,0,0,1,0,0,1,1,1,1,0,1,1,0,0,0,1,0,1,0,0,0,1,0,0,0,0,0,1,1,0,1,1,0,1,1,1,0,1,0,1,0,0,0,0,0,0,1,0,1,1,1,0,1,1,1,1,1,0,0,1,1,1,1,0,1,1,1,1,1,1,1,1,1,0,1,1,0,0,1,1
0.618417634432,0,0,0,1,1,0,1,1,1,0,1,0,1,1,1,1,0,1,0,1,0,0,0,1,0,0,1,0,0,1,0,0,0,1,0,0,1,1,0,1,1,1,0,0,1,0,1,0,1,0,1,1,1,0,1,0,1,1,1,0,0,0,0,0,1,0,0,1,1,1,1,1,1,0,0,0,1,1,0,0,1,1
0.670116138696,1,1,0,1,0,0,0,1,1,0,1,0,1,1,1,1,0,1,0,1,0,1,0,1,0,1,0,1,0,0,0,0,0,1,0,1,1,1,0,1,0,1,0,0,0,0,1,0,0,0,1,1,1,0,0,1,1,0,1,0,0,1,0,0,1,1,0,1,0,1,1,0,1,1,0,0,1,1,1,0,1,1
0.0567347566492,0,1,0,1,1,0,0,1,1,0,1,0,0,1,0,1,0,1,1,1,0,1,1,1,1,1,0,0,1,1,0,0,0,1,0,0,0,0,0,0,1,1,1,0,0,0,0,0,0,0,1,1,1,1,0,1,0,0,0,0,0,0,1,0,1,0,0,1,0,1,1,0,1,0,1,0,0,0,0,0,0,1
0.479243190207,0,1,0,1,1,0,0,1,1,0,1,0,0,1,0,0,0,1,0,1,0,1,1,0,1,1,0,0,1,1,0,0,0,1,0,1,1,1,0,0,1,1,0,0,0,0,1,0,1,0,1,1,1,0,1,0,1,1,1,0,0,0,0,0,1,0,1,1,0,1,1,0,1,0,0,0,0,1,0,0,0,1
0.0644601339254,0,1,1,1,1,0,1,1,1,0,1,0,0,1,0,1,1,1,0,1,0,1,0,1,1,1,0,0,1,1,0,0,0,1,0,0,0,1,1,0,1,0,1,0,0,0,1,0,1,0,1,1,1,1,1,1,0,0,0,0,0,0,1,1,1,0,0,1,0,1,1,0,1,0,0,0,0,0,0,0,0,1
0.176911844396,0,1,1,1,1,0,0,1,1,0,1,0,0,1,0,0,0,0,0,1,0,0,0,1,1,1,0,0,1,1,0,0,1,1,0,0,0,0,1,1,1,1,1,0,0,0,1,1,1,0,1,1,1,1,0,1,0,1,0,0,0,0,1,1,1,0,0,1,0,1,1,0,1,1,1,0,0,0,0,0,0,1
0.0748241119447,0,0,1,1,1,0,0,1,1,0,1,0,0,0,0,1,1,1,0,0,0,1,0,1,1,1,0,0,1,1,0,0,1,1,0,0,0,0,0,0,1,1,1,0,0,0,1,0,0,0,1,0,1,1,0,1,0,0,0,0,0,0,1,1,1,0,0,1,0,1,1,0,1,0,0,0,0,1,0,1,0,1
0.286268840092,0,1,0,1,1,0,1,1,1,0,1,0,0,1,0,0,0,1,0,1,0,1,0,1,1,1,0,0,1,1,0,0,0,1,0,0,0,0,1,0,1,1,1,0,0,0,1,0,0,0,1,1,1,1,0,1,1,1,1,0,0,0,1,0,0,1,0,1,0,1,1,0,1,0,1,1,0,0,0,0,0,1
0.436418691506,1,0,0,1,1,0,1,1,1,0,1,0,1,1,0,0,0,1,0,1,0,1,1,1,1,0,0,1,0,1,0,0,0,1,0,0,1,1,1,0,0,1,0,0,0,0,1,0,1,0,1,0,1,0,0,0,1,1,0,0,0,0,1,0,1,0,0,1,0,1,1,1,1,0,0,1,0,0,0,0,1,1
0.482729508993,0,1,1,0,1,0,0,1,1,0,1,0,1,0,0,0,0,1,0,1,0,1,0,0,1,0,1,1,0,1,0,0,1,1,0,1,0,1,1,0,1,0,1,0,0,0,1,0,0,0,1,1,1,0,0,1,1,1,1,0,0,0,1,0,1,1,0,1,0,1,1,1,1,0,0,1,1,1,0,0,0,1
0.443243701579,0,0,0,0,1,0,0,1,0,0,1,0,1,1,0,1,0,1,0,1,0,1,1,0,0,1,0,0,0,1,0,0,0,1,0,0,1,1,0,1,1,1,0,0,0,0,0,0,1,0,1,0,1,0,1,0,1,0,1,0,0,0,1,0,0,1,0,1,0,1,1,0,1,0,0,1,1,1,0,0,0,1
0.247657585003,0,1,1,1,1,0,1,1,0,0,0,0,0,0,0,1,0,0,0,1,0,1,1,1,0,1,0,0,0,1,0,0,0,1,0,0,0,0,0,0,1,1,1,0,0,0,1,0,1,0,0,0,1,1,0,1,0,0,1,0,0,0,1,0,0,1,0,1,0,1,1,1,0,0,0,1,0,0,0,0,0,1
0.565535385834,0,1,0,0,1,0,0,1,0,0,1,0,1,1,0,0,0,0,0,1,0,1,0,1,0,1,0,1,0,1,0,0,1,1,0,1,1,0,0,1,1,1,0,0,0,0,1,0,1,0,0,0,1,0,1,1,1,1,1,0,0,0,1,0,1,1,0,1,0,1,1,1,0,1,0,1,0,0,0,1,0,1
0.9882053938,1,1,0,0,1,1,1,1,1,0,1,0,1,1,0,0,0,1,1,1,0,0,1,1,0,1,1,0,0,1,0,0,1,1,1,1,0,1,0,1,1,1,0,0,0,0,1,0,1,0,1,1,1,0,0,1,1,1,1,0,0,1,0,0,1,1,1,1,0,1,1,0,1,1,0,1,1,1,0,1,1,1
0.810481739022,1,1,0,0,1,0,1,1,1,0,1,0,1,1,0,0,0,1,1,1,0,1,1,1,1,1,0,0,0,1,1,0,0,1,1,1,0,1,1,1,1,1,1,0,0,0,1,0,1,0,1,1,1,0,0,1,1,1,1,0,0,1,0,0,1,1,0,1,0,0,1,0,1,1,0,0,1,1,1,1,1,1
0.940606072911,1,1,0,0,1,1,1,1,1,1,1,0,1,1,0,1,0,1,1,1,0,1,1,1,1,1,0,1,1,1,1,0,0,1,0,1,1,1,1,1,1,1,0,0,0,0,1,0,1,0,1,1,1,0,1,1,1,1,1,0,0,1,0,0,1,1,1,1,0,1,1,0,1,1,0,1,1,1,1,1,1,1
0.153162431577,0,1,1,1,1,0,1,1,1,0,1,0,0,1,0,1,1,1,0,1,0,1,0,1,1,1,0,0,0,1,0,0,1,1,0,1,0,1,1,0,1,1,1,0,0,0,1,0,0,0,1,1,1,1,1,1,0,1,0,0,0,0,1,1,1,0,0,1,0,1,1,1,1,0,1,0,0,0,0,0,0,1
0.0895429456837,0,1,1,1,1,0,0,1,1,0,1,0,0,1,0,1,1,1,0,1,0,1,0,1,0,0,0,1,1,1,0,0,1,1,0,1,0,1,1,0,0,1,1,0,0,0,0,0,0,0,1,1,1,1,0,1,0,0,0,0,0,0,1,1,1,0,0,1,0,1,1,0,1,0,1,0,0,0,0,0,1,1
0.0753197392744,0,1,1,1,1,0,0,1,1,0,1,0,0,1,0,1,0,1,0,1,0,1,0,1,0,1,0,0,0,1,0,0,1,1,0,0,0,0,1,0,1,1,1,0,0,0,1,0,0,0,1,1,1,1,0,1,0,0,0,0,0,0,1,1,1,0,0,1,0,1,1,1,1,0,0,0,0,0,0,0,0,1
0.190900524097,0,0,1,0,1,0,0,1,1,0,1,0,0,0,0,1,0,1,0,1,0,1,0,1,0,1,0,1,1,1,0,0,0,1,0,1,0,1,1,0,1,0,1,0,0,0,1,0,1,0,0,1,1,1,0,0,0,0,0,0,0,0,1,0,0,1,0,1,0,1,1,1,1,0,0,0,0,0,0,1,0,1
0.720217554675,0,1,0,0,1,0,0,1,1,1,1,0,1,1,0,0,0,1,1,1,0,1,0,1,1,1,0,0,0,1,1,0,0,1,0,1,1,1,0,1,1,1,1,0,0,0,1,0,0,0,1,1,1,0,1,1,1,1,1,0,0,1,1,0,1,1,0,1,0,1,1,0,1,1,0,1,1,1,0,0,1,1
0.435655767635,0,0,1,1,1,0,0,1,1,0,1,0,1,1,0,0,0,1,0,1,0,1,0,1,0,0,0,1,0,1,0,0,0,1,0,1,1,1,1,0,0,1,1,0,0,0,1,0,0,0,0,1,1,0,0,1,1,1,1,0,0,0,1,0,1,1,0,1,0,1,1,1,1,0,0,1,0,1,0,0,0,1
0.879146370375,0,1,0,0,1,0,1,1,1,1,1,0,1,1,1,0,0,1,1,1,0,1,0,1,1,1,1,0,0,1,1,0,1,1,1,1,1,1,0,1,1,1,0,1,0,1,1,0,0,1,0,1,1,0,1,1,1,1,1,0,0,1,1,0,1,1,0,1,0,1,1,0,1,1,0,1,1,1,1,1,1,1
0.892774969313,0,1,0,0,0,1,1,1,1,1,1,0,1,0,0,1,0,0,1,1,0,1,1,1,0,1,0,1,1,1,1,0,0,1,1,1,1,1,1,1,1,1,0,0,0,1,0,0,1,0,0,1,1,0,1,1,1,1,1,0,0,1,0,0,1,1,0,1,0,0,1,0,1,1,0,1,1,1,1,1,1,1
0.524750070611,0,1,0,1,1,1,0,1,1,0,1,0,1,1,0,1,0,1,0,1,0,1,0,1,0,0,0,1,1,1,0,0,0,1,0,0,0,0,1,0,1,1,0,0,0,0,1,0,0,0,1,1,1,0,1,1,1,0,1,1,0,1,1,0,0,1,0,1,0,1,1,0,1,1,0,0,1,1,0,0,1,1
0.515354729202,0,0,0,0,1,0,1,1,1,0,1,0,1,1,1,1,0,1,0,1,0,1,1,0,0,1,0,1,0,1,0,0,0,1,0,0,1,1,0,1,0,1,0,0,1,0,0,0,0,0,1,1,1,0,0,0,1,1,0,0,0,1,1,0,1,0,1,1,0,1,1,1,1,1,0,1,0,1,0,0,1,1
0.672502230721,0,1,0,0,1,0,1,1,1,0,1,0,1,1,0,0,0,1,1,1,0,1,0,0,1,1,0,1,1,1,0,0,1,1,0,1,1,0,1,0,1,1,0,0,0,0,1,0,0,0,1,0,1,0,1,1,1,1,1,0,0,1,1,0,1,1,0,1,0,1,1,0,1,1,0,1,1,1,0,0,1,1
1.00776120896,1,1,0,0,1,1,1,1,1,0,1,0,1,1,0,0,0,1,1,1,0,1,0,1,0,1,1,0,1,1,1,0,0,1,1,1,1,1,0,1,1,1,0,0,0,1,1,0,1,1,1,1,1,0,1,1,1,1,1,1,0,1,0,0,1,1,1,1,0,1,1,0,1,1,0,1,1,1,1,1,1,1
0.0470669411387,0,1,1,1,1,0,0,1,1,0,1,0,0,1,0,1,0,1,0,1,0,1,0,1,1,1,0,1,1,1,0,0,0,1,0,1,0,1,1,0,1,0,1,0,0,0,1,0,1,0,1,1,1,1,0,1,0,1,0,0,0,0,1,1,1,0,0,1,0,1,1,0,1,0,1,0,0,0,0,0,0,1
0.0870343642731,0,1,1,1,1,0,0,1,1,0,1,0,0,1,0,1,1,0,0,1,0,1,0,1,1,1,0,0,0,1,0,0,0,1,0,1,0,1,1,0,1,1,1,0,0,0,0,0,1,0,1,1,1,1,0,1,0,0,0,0,0,0,1,1,1,0,0,1,0,1,1,0,0,0,0,0,0,0,0,0,0,1
0.0744152189039,0,0,1,1,1,0,0,1,1,0,1,0,0,1,0,1,0,1,0,1,0,0,0,1,1,0,0,0,1,1,0,0,0,1,0,0,0,1,1,1,1,1,1,0,0,0,1,0,0,0,1,0,1,1,0,1,0,1,0,0,0,0,1,1,1,0,0,1,0,1,1,1,1,0,1,0,0,0,0,0,0,1
0.647372655974,0,1,0,0,1,0,0,1,1,0,1,0,1,1,0,1,0,1,0,1,0,1,0,1,1,1,0,1,1,1,1,0,0,1,0,1,1,1,0,1,1,1,0,0,0,0,1,1,0,0,1,1,1,0,1,1,1,1,1,0,0,1,1,0,1,1,0,1,0,1,1,0,1,1,0,1,1,1,0,0,1,1
0.624566952473,0,1,0,1,1,0,1,1,1,0,1,0,1,1,0,0,0,1,1,1,0,1,0,1,1,1,0,0,0,1,0,0,1,1,0,1,1,1,1,0,1,1,0,0,0,0,0,1,0,0,1,0,1,0,0,1,1,1,1,0,0,1,1,0,1,0,0,1,0,1,1,1,1,1,0,1,1,1,0,0,1,1
0.450181959541,0,0,0,1,1,0,0,0,1,0,1,0,0,1,0,1,0,1,0,1,0,1,0,1,1,0,0,1,0,1,0,0,0,1,1,1,1,1,1,0,1,1,1,0,0,0,1,0,0,0,1,1,1,0,0,1,1,0,1,0,0,1,0,1,1,1,0,1,0,1,1,0,1,0,0,0,0,1,0,0,1,1
0.513576762345,0,0,0,1,1,0,0,1,1,0,1,0,1,1,1,1,0,1,0,1,0,1,0,1,1,1,1,1,0,1,0,0,0,1,0,0,1,1,1,1,0,1,1,0,0,0,1,0,1,0,1,1,1,0,1,1,1,1,1,0,0,0,1,0,0,0,0,1,1,1,1,1,1,1,0,0,1,1,0,0,1,1
0.800684916985,0,1,0,0,0,0,1,1,0,1,1,0,1,1,0,0,0,0,1,1,0,0,0,1,1,1,0,1,1,1,1,0,0,1,0,1,0,1,0,1,1,1,1,1,0,1,1,0,1,1,0,0,1,0,1,1,1,1,1,0,0,1,1,0,0,1,0,1,1,1,1,0,0,1,0,1,1,1,1,1,0,1
0.713046718052,0,1,0,0,1,0,1,1,1,0,1,0,1,1,1,1,0,1,0,1,0,1,1,1,1,1,0,0,0,1,1,0,0,1,0,0,0,0,1,1,1,1,0,0,0,0,1,0,1,0,1,1,1,0,1,1,1,1,1,0,0,1,1,0,1,1,1,1,1,1,1,1,1,1,0,1,1,1,1,0,0,1
0.69646345951,1,1,0,0,0,0,1,1,1,0,1,0,1,1,0,0,0,1,0,1,0,1,0,0,0,1,0,1,0,1,1,0,0,1,1,1,1,1,0,1,1,1,0,0,0,0,1,0,0,0,1,0,1,1,0,1,1,1,1,0,0,1,0,0,1,1,0,1,0,1,1,0,1,1,0,0,1,1,0,0,1,1
0.429601736312,1,0,0,0,0,0,1,0,1,0,1,0,0,1,0,1,0,1,0,1,0,0,1,1,1,0,0,1,0,0,0,0,0,1,0,1,0,1,0,0,1,1,1,0,0,0,1,1,0,0,1,1,1,0,0,1,0,0,0,0,0,0,1,0,1,1,0,1,0,1,1,1,1,0,0,1,0,0,0,1,0,1
0.172756944191,0,0,0,1,1,0,0,1,1,0,1,0,0,0,0,1,1,1,0,1,0,1,1,1,1,1,0,0,1,1,0,0,0,1,0,0,0,0,1,1,0,1,0,0,0,0,0,0,0,0,1,1,1,1,0,1,0,0,1,0,0,0,0,1,1,0,0,0,0,1,1,1,0,0,1,0,0,1,0,0,0,1
0.0766661446668,0,0,1,1,1,0,0,1,1,0,1,0,0,1,0,1,1,0,0,1,0,1,0,1,1,1,0,0,0,1,0,0,0,1,0,0,0,1,1,0,0,1,1,0,0,0,1,0,0,0,1,1,1,1,1,1,0,0,0,1,0,0,1,0,1,0,0,1,0,1,1,1,1,0,1,0,0,0,0,0,0,1
0.289147372855,0,0,0,1,1,0,0,1,1,0,1,0,0,1,1,1,0,1,0,1,0,1,0,1,0,1,1,1,0,1,0,0,1,1,0,0,0,1,1,0,1,0,1,0,0,0,1,0,0,0,1,1,1,0,1,1,1,1,0,0,0,0,1,0,1,0,0,1,0,1,1,0,1,1,0,0,0,0,0,0,0,1
0.0612677199406,0,0,1,1,1,0,0,1,0,0,1,0,0,1,0,1,0,1,0,1,0,1,0,0,1,1,0,0,0,1,0,0,0,1,0,0,0,1,1,0,1,1,1,0,0,0,1,0,1,0,1,1,1,1,0,1,0,0,0,0,0,0,1,0,1,0,0,0,0,1,1,1,0,0,1,0,0,0,0,0,0,1
0.653931768666,0,1,0,0,0,0,0,1,1,0,1,0,1,1,0,1,0,1,0,1,0,0,0,1,1,0,0,1,1,1,0,0,0,1,0,1,1,1,1,0,0,1,0,0,0,0,1,0,1,0,1,1,1,0,1,0,1,1,1,0,0,1,1,0,1,1,0,1,0,1,1,0,1,1,0,0,1,1,0,0,1,1
0.543909981053,0,1,0,0,1,0,0,1,1,0,1,0,1,1,0,0,0,1,0,1,0,1,0,1,0,0,0,1,1,1,0,0,0,1,0,1,1,1,0,1,1,1,0,0,0,0,1,0,0,0,1,0,1,0,1,1,1,1,1,0,0,1,1,0,0,1,0,1,0,1,1,0,1,1,0,0,0,1,0,0,0,1
0.710146610272,0,1,0,1,1,0,0,1,1,1,1,0,1,1,0,0,0,1,0,1,1,0,0,1,1,1,0,1,1,1,0,0,1,1,1,1,1,1,0,1,1,1,0,0,0,0,1,0,1,0,1,1,1,0,1,1,1,1,1,1,0,0,1,0,1,1,0,1,0,1,1,0,1,1,0,1,1,1,0,0,1,1
0.652500414607,0,1,0,0,1,0,1,1,0,0,1,0,1,1,1,0,0,1,0,1,0,0,0,1,1,1,1,1,0,1,1,0,1,0,0,0,1,1,0,1,1,1,0,0,0,0,1,0,1,1,0,0,1,1,1,1,1,1,1,0,0,1,1,0,1,1,0,1,0,1,1,1,0,1,0,1,1,1,0,0,0,1
0.823476527781,0,1,0,0,1,0,1,1,1,1,1,0,1,1,0,0,0,0,1,1,0,1,1,1,1,1,0,1,1,1,1,0,0,1,0,1,1,1,1,1,0,1,0,1,0,1,1,0,1,0,1,1,1,0,1,1,1,1,1,0,0,1,0,0,1,1,0,1,0,1,1,0,1,1,0,0,1,1,0,1,1,1
0.360706735104,0,1,1,1,1,0,0,1,1,0,1,0,1,1,0,0,0,0,0,1,0,1,0,1,0,1,0,1,1,1,0,0,1,1,0,1,0,0,0,0,1,1,1,0,0,0,1,0,1,0,1,1,1,0,1,0,1,0,1,0,0,0,1,0,0,1,0,1,0,1,1,1,0,1,1,1,0,0,0,0,0,1
0.827883116773,1,1,0,1,0,1,1,1,1,0,1,0,1,1,0,0,0,1,1,1,0,0,1,0,0,1,0,1,0,1,1,0,0,1,0,1,0,1,0,1,0,1,1,0,0,1,1,0,0,0,1,1,1,0,0,1,1,1,1,0,0,1,0,0,1,1,0,1,0,1,1,0,1,1,0,0,1,1,1,1,1,1
0.944806636487,1,1,0,0,0,1,1,1,1,0,1,0,1,0,0,1,0,1,1,1,0,0,1,1,0,1,1,0,1,1,1,0,0,1,1,1,0,1,1,1,1,1,0,1,0,0,1,0,1,0,0,1,1,0,1,1,1,1,1,0,0,1,0,0,1,1,0,0,0,1,1,0,1,1,0,1,1,1,1,1,1,1
0.102880112084,0,0,1,1,1,0,0,0,0,0,1,0,0,1,0,1,1,1,0,1,0,1,1,1,1,1,0,0,0,1,0,0,1,1,0,0,0,1,0,0,1,1,1,0,0,0,1,0,1,0,1,0,1,1,0,1,0,1,0,0,0,0,1,1,1,0,0,0,0,1,1,1,1,1,1,0,0,0,0,0,0,1
0.100219461686,0,1,1,1,1,0,0,1,0,0,1,0,0,1,0,1,0,1,0,1,0,1,0,1,1,1,0,0,0,1,0,0,1,1,0,0,0,1,0,0,1,1,1,0,0,0,1,0,0,0,1,1,1,1,1,1,0,0,1,0,0,0,1,1,1,0,0,1,0,1,1,0,1,0,1,0,0,0,0,1,0,1
0.14784062611,0,1,1,1,1,0,0,0,1,0,1,0,0,1,0,1,1,0,0,1,0,1,0,1,0,1,0,0,0,1,0,0,0,1,0,0,0,1,0,0,0,0,1,0,0,0,1,0,1,0,1,1,1,1,1,1,0,1,1,0,0,0,1,1,1,0,0,1,0,1,1,0,1,0,1,0,0,1,0,1,0,1
0.0264893298578,0,1,1,1,1,0,0,1,1,0,0,0,0,1,0,1,0,1,0,1,0,1,0,1,1,1,0,0,1,1,0,0,0,1,0,1,0,1,0,0,0,1,1,0,0,0,1,0,0,0,1,1,1,1,0,1,0,0,0,0,0,0,1,1,0,0,0,1,0,1,1,1,1,0,1,0,0,0,0,0,0,1
0.284422642982,0,0,1,1,1,0,0,1,0,0,1,0,0,1,0,1,0,1,0,1,0,1,0,1,1,0,0,1,1,1,0,0,0,1,0,1,1,0,1,0,0,1,1,0,0,0,1,0,1,0,1,1,1,1,0,1,0,0,1,0,0,0,1,0,1,1,0,1,0,1,1,1,1,1,1,1,0,0,0,1,0,1
0.505478761727,0,0,0,1,1,0,0,1,1,0,1,0,1,1,0,1,0,1,0,1,0,1,0,1,0,1,0,0,0,1,0,0,1,1,0,1,1,1,1,1,1,1,1,0,0,0,1,0,0,0,1,1,1,0,1,1,1,1,1,0,0,0,1,0,1,1,0,1,0,1,1,1,1,1,0,1,0,1,0,0,0,1
0.328482188126,0,0,1,0,0,0,0,0,1,0,1,0,1,0,0,1,0,1,0,1,0,1,0,0,0,1,0,1,1,1,0,0,0,1,0,0,0,0,0,0,1,1,1,0,0,0,1,0,1,0,1,0,1,0,0,1,0,0,0,0,0,0,1,0,1,1,0,1,0,1,1,0,0,1,0,1,0,1,0,0,1,1
0.79237051787,0,1,0,0,1,0,1,1,0,1,1,0,1,1,0,0,1,1,1,1,0,1,0,1,1,1,0,0,0,1,1,0,1,1,1,1,1,1,0,1,0,1,0,0,0,0,1,0,1,1,0,0,1,0,1,1,1,1,1,0,0,1,0,0,1,1,0,1,0,0,1,0,0,1,0,1,1,1,1,0,0,1
0.539034171911,0,0,0,1,1,0,0,1,1,0,1,0,1,1,1,0,0,1,0,1,0,0,0,1,0,0,1,1,0,1,0,0,0,1,0,0,0,1,0,1,1,1,0,0,0,0,1,0,0,0,1,0,1,0,0,1,1,0,1,0,0,0,1,0,1,1,0,1,0,1,1,0,1,1,0,0,1,1,0,0,1,1
0.436671207222,0,0,0,0,1,0,1,1,1,0,1,0,0,1,1,0,0,1,0,1,0,0,0,1,1,1,0,1,1,1,0,0,0,0,0,0,1,0,0,1,0,1,0,0,1,0,1,0,0,0,1,1,1,0,1,1,1,0,0,0,0,0,1,0,1,0,0,1,0,1,1,1,0,0,0,0,1,1,0,1,0,1
0.392913783378,0,1,1,0,0,0,1,1,1,0,1,0,1,0,0,0,1,1,0,1,0,1,1,0,0,1,0,1,0,1,0,0,0,1,0,1,0,0,0,0,0,1,1,0,0,0,1,0,0,0,1,1,1,0,0,0,0,0,0,0,0,0,1,0,1,1,0,1,0,1,1,0,1,1,0,0,0,1,0,0,0,1
0.0815891923386,0,1,1,1,1,0,0,1,1,0,1,0,0,0,0,1,0,1,0,1,0,1,1,1,1,1,0,0,0,1,0,0,1,1,0,0,0,1,0,0,1,1,1,0,0,0,0,0,1,0,1,1,1,1,0,0,0,1,0,0,0,0,1,1,1,0,0,1,0,1,1,1,1,0,1,0,0,0,0,0,0,1
0.665735051025,0,0,0,0,1,0,1,0,1,0,1,0,1,1,0,0,0,1,0,1,0,0,1,1,0,0,0,1,0,1,0,0,1,1,0,1,1,1,0,0,0,1,0,0,0,0,1,0,1,0,1,1,1,0,0,1,1,1,1,0,0,1,0,0,1,0,1,1,1,1,1,1,1,0,0,0,0,0,1,0,1,1
0.0828850651515,0,0,1,1,1,0,0,1,1,0,1,0,0,1,0,1,1,1,0,1,0,1,1,1,0,1,0,0,0,1,0,0,0,1,0,1,0,1,1,0,1,0,1,0,0,0,1,0,0,0,1,1,1,1,1,1,0,0,1,0,0,0,1,1,1,0,0,1,0,1,1,1,1,0,1,0,0,0,0,0,0,1
0.00452206955123,0,0,1,1,1,0,0,1,1,0,1,0,0,1,0,1,0,1,0,1,0,1,1,1,1,1,0,0,1,1,0,0,0,1,0,0,0,1,1,0,1,1,1,0,0,0,1,0,1,0,1,1,1,1,0,1,0,0,0,0,0,0,1,1,0,0,0,1,0,1,1,1,0,0,1,0,0,0,0,1,0,1
-0.0462146111588,0,1,1,1,1,0,0,1,1,0,1,0,0,1,0,1,0,1,0,1,0,1,1,1,0,1,0,1,1,1,0,0,0,1,0,0,0,1,1,0,1,0,1,0,0,0,0,0,0,0,1,1,1,1,0,1,0,0,0,0,0,0,1,1,1,0,0,0,0,1,1,0,1,0,1,0,0,0,0,0,0,1
0.265722242545,0,0,1,1,1,0,0,1,1,0,1,0,0,1,0,0,0,1,0,1,0,1,0,0,0,1,0,1,1,1,0,0,0,1,0,1,0,0,1,0,1,1,1,0,0,0,1,0,1,0,1,1,1,1,0,1,1,0,1,0,0,0,1,0,0,1,0,1,0,1,1,0,1,0,0,0,0,1,0,0,0,1
0.120010443084,0,1,1,1,1,0,0,1,1,1,1,0,0,1,0,1,1,1,0,1,0,1,1,1,0,1,0,1,1,1,0,0,0,1,0,1,0,1,1,0,1,1,1,0,0,0,1,0,1,0,1,1,1,1,0,1,0,0,0,0,0,0,1,1,1,0,0,1,0,1,1,0,1,0,1,0,0,0,0,0,1,1
0.0469166877963,0,1,1,1,1,0,0,1,1,0,1,0,0,0,0,1,0,1,0,1,0,1,1,1,1,1,0,1,1,1,0,0,0,1,0,0,0,0,0,0,0,1,1,0,0,0,0,0,0,0,1,1,1,1,0,0,0,0,0,0,0,0,0,1,1,0,0,0,0,1,1,0,1,0,1,0,0,0,0,0,0,1
0.69417338247,0,1,0,0,1,0,0,1,1,0,1,0,1,1,0,1,0,1,1,1,0,0,0,1,1,1,0,1,0,1,0,0,0,1,0,1,0,1,0,1,0,1,0,0,1,0,1,0,0,0,1,1,1,0,0,1,1,1,1,0,0,1,0,0,1,0,0,1,0,1,1,1,1,1,0,1,1,1,0,0,1,1
0.626632345408,0,0,0,0,1,0,0,1,0,1,1,0,1,1,0,1,0,1,1,1,1,1,1,1,0,1,0,0,1,1,0,0,0,1,0,1,1,1,0,0,1,1,0,0,0,0,1,0,1,0,1,0,1,0,0,0,1,1,1,0,0,1,1,0,1,1,0,1,0,1,1,0,1,1,0,1,1,1,0,0,1,1
0.677075113678,0,1,0,0,1,0,0,1,1,0,1,0,1,1,0,0,0,1,0,1,0,1,0,1,0,1,0,1,1,1,1,0,0,1,1,1,0,1,0,1,1,1,1,0,0,0,1,0,1,0,1,1,1,0,1,1,1,1,1,0,0,1,1,0,1,1,0,1,0,1,1,0,1,1,0,0,1,1,1,1,1,1
0.629675880935,0,0,0,0,0,0,0,0,1,0,1,0,1,1,0,0,0,1,1,1,0,1,0,1,0,1,0,0,1,1,1,0,0,1,0,1,1,1,0,1,0,1,0,0,0,0,0,0,0,1,0,0,1,0,0,1,1,1,1,0,0,1,1,0,1,1,0,0,0,1,1,0,1,1,0,0,1,1,0,0,1,1
0.742278923143,1,1,0,1,1,0,0,1,1,1,1,0,1,1,0,0,0,1,0,1,0,1,1,1,1,0,0,0,1,1,0,0,0,1,0,1,1,1,1,1,0,1,0,0,0,1,1,0,0,1,1,1,1,0,0,1,1,1,1,0,0,1,0,0,1,1,0,1,0,0,1,0,1,1,0,0,1,1,1,1,1,1
0.280076500638,0,0,0,0,0,0,0,0,0,0,0,0,0,0,0,0,0,0,0,0,0,0,0,0,0,0,0,0,0,0,0,0,0,0,0,0,0,0,0,0,0,0,0,0,0,0,0,0,0,0,0,0,0,0,0,0,0,0,0,0,0,0,0,0,0,0,0,0,0,0,0,0,0,0,0,0,0,0,0,0,0,0
0.794565343334,1,1,1,1,1,1,1,1,1,1,1,1,1,1,0,1,1,1,1,1,0,1,1,1,1,1,1,1,1,1,0,1,1,1,0,1,0,1,1,1,1,1,1,0,1,1,1,0,1,1,1,1,1,1,1,1,1,1,1,1,0,1,1,1,1,1,1,1,1,1,0,1,1,1,1,1,1,1,1,1,1,1
0.475552052037,0,1,0,1,1,0,0,1,1,1,1,0,0,1,0,0,0,1,0,1,0,1,0,1,0,0,0,0,0,1,0,0,0,1,0,0,1,1,0,0,1,1,0,0,0,0,1,0,1,0,0,1,1,0,1,1,1,0,1,0,0,0,1,0,1,0,0,1,0,0,1,0,1,1,0,0,0,1,0,0,1,1
0.40540969786,1,0,0,1,1,0,0,1,1,0,1,0,1,1,0,0,0,1,0,1,0,1,0,1,0,1,0,1,1,1,0,0,0,1,0,1,0,1,0,1,1,1,0,0,0,0,1,0,1,0,1,1,0,0,0,1,1,1,0,0,0,0,1,0,0,0,0,0,0,1,1,1,0,1,0,0,0,0,0,0,1,1
0.670778242645,1,1,0,0,1,0,0,1,1,1,1,0,1,1,0,0,0,1,0,1,0,1,0,1,1,1,0,1,1,1,0,0,1,1,0,1,1,1,1,1,1,1,0,0,0,0,1,0,0,0,1,1,1,0,1,1,1,1,1,0,0,1,1,0,1,1,0,1,0,1,1,1,1,1,0,0,1,1,0,0,1,1
0.747300519453,0,0,0,0,1,0,0,1,1,0,1,0,1,1,0,0,0,1,1,1,0,0,0,1,0,0,0,1,0,1,1,0,0,1,0,1,1,1,1,1,1,1,0,0,0,0,1,0,0,0,1,1,1,0,1,1,1,1,1,0,0,1,0,0,0,1,0,1,0,1,1,1,1,1,0,0,1,1,0,1,1,1
0.755529382966,0,1,0,0,1,0,0,1,1,1,1,0,1,0,0,0,0,1,1,1,0,1,0,1,1,1,0,0,1,1,1,0,1,1,1,1,1,1,1,1,1,1,0,1,0,0,0,0,0,0,1,1,1,0,1,0,1,1,1,0,0,1,1,0,1,1,0,1,0,1,1,0,1,1,0,1,1,1,0,1,1,1
0.759261352405,0,0,0,0,1,0,1,1,1,0,1,0,1,1,0,1,0,1,1,1,0,0,1,1,1,1,0,0,1,1,1,0,0,1,0,1,1,1,0,1,0,1,0,0,0,1,0,0,0,0,1,1,1,0,1,1,1,1,1,0,0,1,0,0,0,1,1,1,0,1,1,1,1,1,0,1,1,1,0,0,1,1
0.449484934488,0,0,0,0,1,0,0,1,0,0,1,0,1,1,0,0,0,1,0,1,1,1,0,1,0,1,0,0,0,1,0,0,0,1,0,0,0,1,1,0,1,0,0,0,0,0,1,0,0,0,1,1,1,0,1,1,1,0,1,0,0,0,1,0,0,1,0,1,0,1,1,0,0,0,0,1,1,1,0,0,1,1
0.746414126697,0,1,0,0,0,0,1,0,1,0,1,0,1,1,0,0,0,1,1,1,0,1,1,1,1,1,0,0,1,1,1,0,0,1,0,1,1,1,0,1,0,1,0,0,0,1,1,0,0,0,1,1,1,0,1,1,1,1,0,1,0,1,0,0,1,1,0,1,0,1,1,0,1,1,0,0,1,1,0,0,1,1
0.792160400881,1,1,0,0,1,0,1,1,1,1,1,0,1,1,0,0,0,1,1,1,0,1,0,1,1,1,0,1,1,1,1,0,0,1,0,1,1,1,1,1,1,1,0,0,0,0,1,0,0,0,1,1,1,0,0,1,1,1,1,0,0,1,1,0,1,1,0,1,1,1,1,0,1,1,0,0,1,1,0,1,1,1
0.868504290156,0,1,0,0,0,1,1,1,1,0,1,1,0,0,0,0,0,1,1,1,0,1,0,1,0,1,1,0,0,1,0,0,0,1,0,1,0,1,1,1,0,1,0,0,0,0,1,0,1,1,1,1,1,1,0,1,1,1,1,0,0,1,0,0,1,1,0,1,0,1,1,0,1,1,0,1,1,1,0,1,1,1
1.03970555276,1,1,0,0,1,1,1,1,1,0,1,0,1,0,0,0,0,0,1,1,0,0,0,1,1,1,1,0,0,1,1,0,1,1,1,1,1,1,0,1,1,1,0,0,0,1,0,0,1,0,1,1,1,0,1,1,1,1,1,1,0,1,0,0,1,1,1,1,0,1,1,0,1,1,0,1,1,1,1,1,1,1
0.37802984932,0,0,1,1,1,0,0,1,0,0,1,0,1,1,0,1,0,1,0,1,0,1,0,1,0,0,0,0,0,1,0,0,0,1,0,0,1,1,0,1,0,1,0,0,0,0,0,0,0,0,1,1,1,0,0,1,1,1,0,0,0,0,0,0,1,0,0,1,0,1,1,0,0,1,0,0,0,0,0,0,1,1
0.539197863918,1,0,0,1,1,0,0,1,1,0,1,0,1,1,0,0,0,1,0,1,1,1,0,1,0,0,0,1,0,1,0,0,1,1,0,1,1,1,0,1,1,1,0,0,0,0,1,0,0,0,1,1,1,0,1,1,1,1,1,0,1,0,1,0,1,0,0,1,0,1,1,1,1,1,0,0,0,1,0,0,1,1
0.439699542904,0,0,0,1,1,0,0,1,1,0,1,0,1,1,1,0,0,1,0,1,0,1,1,0,1,0,0,1,1,1,0,0,1,1,0,1,1,1,0,0,0,1,1,0,1,0,1,0,0,0,1,1,1,0,0,1,1,1,1,0,0,0,1,0,1,0,0,1,0,1,1,1,1,1,0,0,1,1,0,0,1,1
0.824118579884,1,1,0,0,1,0,1,1,1,0,1,0,1,1,0,0,0,1,1,1,0,0,0,1,1,1,1,1,0,1,0,0,0,1,0,1,1,0,1,1,1,0,0,0,0,0,1,0,1,0,1,1,1,0,0,1,1,1,1,0,0,1,0,0,1,1,0,1,1,1,1,1,1,1,0,0,1,1,0,0,1,1
0.72526438001,0,1,0,0,1,0,0,1,1,1,1,0,1,0,0,0,0,1,1,1,1,1,0,0,1,0,0,1,1,1,0,0,1,1,1,1,1,1,0,0,0,1,0,0,0,0,1,0,0,0,1,1,1,0,1,0,1,1,1,0,0,1,0,0,1,1,0,1,0,1,1,0,1,1,1,1,1,1,0,1,1,1
0.761092469922,0,1,0,1,1,0,1,1,1,1,1,0,1,0,0,0,0,0,1,1,1,0,0,1,1,1,0,0,1,1,1,0,0,1,0,1,1,1,0,1,1,1,1,0,0,0,1,0,0,0,1,1,1,0,0,1,1,1,1,0,0,1,0,0,1,1,0,1,0,1,1,0,1,1,0,1,1,1,0,0,1,1
0.823139683098,0,1,0,0,0,0,1,1,1,0,1,0,1,1,0,0,0,0,1,1,0,0,1,1,1,1,0,0,1,1,1,0,0,1,0,1,1,1,0,1,1,1,0,0,0,0,0,0,1,0,1,1,1,0,1,0,1,1,1,0,0,1,0,0,1,1,0,1,0,0,1,1,0,1,0,1,1,1,1,0,1,1
0.775826978381,0,1,0,0,0,0,1,0,1,0,1,0,1,1,0,0,0,1,0,1,0,0,0,0,0,1,0,0,1,1,1,0,0,1,0,1,1,1,0,1,1,1,0,0,0,1,1,0,0,0,1,1,1,0,0,0,1,1,1,0,0,1,0,0,1,1,0,1,1,0,1,1,1,1,0,0,1,1,0,1,1,1
0.662947808585,0,1,0,0,1,0,0,1,1,0,1,0,1,1,0,0,0,1,0,1,0,0,0,1,1,1,0,1,0,1,0,0,0,1,0,0,1,1,0,1,0,1,0,0,0,0,1,1,0,0,0,1,1,0,0,1,1,0,1,0,0,1,1,0,1,1,0,1,1,1,1,0,0,1,0,1,1,1,0,0,1,1
0.839781798211,1,1,0,0,1,1,1,1,1,1,1,0,1,1,1,0,0,1,0,1,0,1,0,1,0,1,1,0,1,1,0,0,0,1,0,1,1,0,0,1,1,1,1,0,0,0,1,0,0,0,1,1,1,0,1,1,1,0,1,0,0,1,0,0,1,1,1,1,1,1,1,0,1,1,0,1,1,1,0,0,1,1
0.904445784703,1,1,0,0,0,1,1,1,1,1,1,0,1,0,0,0,0,1,1,1,0,1,0,1,0,1,1,0,0,1,0,0,0,1,1,1,0,1,0,1,1,1,0,0,0,1,0,0,1,0,1,0,1,0,1,1,1,1,1,0,1,1,1,0,1,1,0,1,0,1,1,0,1,1,0,1,1,1,0,1,1,1
0.814717935687,1,1,0,0,0,1,1,1,1,0,1,0,1,0,0,0,0,0,1,1,0,0,0,0,1,1,0,0,0,1,1,0,0,1,0,1,0,0,0,1,1,1,0,0,0,0,0,0,0,0,1,1,1,0,1,0,1,0,1,0,0,1,0,0,1,1,0,0,0,1,1,0,1,1,0,0,1,1,1,0,1,1
0.458720229326,0,1,0,1,1,0,0,1,1,1,1,0,1,1,0,1,0,1,0,1,0,0,0,0,0,1,0,1,1,1,0,0,1,1,0,1,1,0,0,0,1,1,1,0,0,0,0,0,0,1,1,1,1,0,1,0,1,1,1,0,0,1,1,0,1,0,0,1,0,1,1,1,1,1,0,0,0,0,0,0,1,1
0.333798354362,0,0,0,0,1,0,0,1,1,0,1,0,1,1,0,1,0,1,0,1,0,1,0,0,0,0,0,1,1,1,0,0,0,1,0,1,0,1,0,1,1,1,1,0,0,0,1,0,0,0,1,1,0,0,0,1,0,1,1,0,0,0,1,0,1,0,0,1,0,1,1,0,1,0,0,0,0,1,0,0,1,1
0.443811321089,0,1,0,1,1,0,0,1,1,1,1,0,0,1,0,0,0,1,0,1,1,1,1,1,1,0,0,1,1,1,0,0,0,1,0,1,1,0,0,1,1,1,0,0,1,0,1,0,0,0,1,1,1,0,0,0,1,0,1,0,0,0,1,0,1,0,0,1,0,1,1,1,1,1,0,0,0,0,0,0,1,1
0.744981374095,1,1,0,1,1,0,1,1,1,0,1,0,1,1,0,0,0,1,0,1,0,0,0,1,1,1,0,1,1,1,1,0,0,1,0,1,1,1,1,1,0,1,0,0,0,0,0,0,1,0,1,1,1,0,1,1,1,1,1,0,0,1,1,0,1,1,0,1,0,1,1,0,1,1,0,0,1,1,1,1,1,1
0.433582204431,0,1,0,1,1,0,0,1,1,1,1,0,1,0,0,1,0,0,0,1,1,1,0,0,1,1,0,1,1,0,0,0,0,1,0,1,1,0,1,0,1,1,1,0,0,0,1,0,0,0,1,0,1,0,1,0,1,0,1,0,0,0,1,0,1,1,0,1,0,1,1,0,1,1,0,1,0,1,0,0,0,1
0.608460692072,0,0,0,1,1,0,0,1,1,0,1,0,1,1,1,0,0,1,0,1,0,0,0,0,1,0,1,1,1,1,0,0,0,1,0,1,0,1,1,1,1,1,0,0,0,0,1,0,1,0,1,1,1,0,1,1,1,1,1,0,0,1,1,0,1,0,0,1,0,1,1,0,1,1,0,0,1,1,0,0,1,1
0.784491023268,0,0,0,0,0,0,1,1,1,0,1,0,1,1,0,0,0,1,1,1,0,0,0,1,0,0,0,1,0,1,1,0,0,1,0,1,1,1,1,1,0,1,0,0,0,0,1,0,0,1,1,1,1,0,0,1,1,1,1,0,0,1,0,0,1,1,0,1,0,1,1,0,1,1,0,0,1,1,0,0,1,1
0.927677991839,1,1,0,1,1,0,0,1,1,1,1,0,1,1,0,0,0,1,1,1,0,0,0,1,1,1,1,0,1,1,1,0,0,1,1,1,1,1,0,1,1,1,0,0,0,1,1,0,1,0,1,1,1,0,0,1,1,1,1,0,0,1,0,0,1,1,1,1,0,1,1,0,1,1,0,1,1,1,1,1,1,1
0.647512518393,0,1,0,0,1,0,1,0,1,0,1,0,1,1,0,0,0,1,0,1,0,0,0,1,0,1,0,0,0,1,1,0,0,1,0,1,1,1,0,1,0,1,0,0,0,0,1,0,0,1,1,1,1,0,1,0,1,1,1,0,0,1,1,1,1,1,0,1,0,1,1,1,1,0,0,0,1,1,0,0,1,1
0.911141347788,1,1,0,0,1,1,1,1,1,0,1,0,1,1,0,0,0,1,1,1,0,0,0,1,1,0,0,1,0,1,1,0,0,1,0,1,1,1,0,1,1,1,0,0,0,0,1,0,1,1,1,1,1,0,0,1,1,1,1,0,1,1,0,0,1,1,0,1,0,1,1,0,1,1,0,0,1,1,1,1,1,1
0.466060473512,0,0,0,1,1,0,0,1,1,0,1,0,1,1,0,0,0,1,0,1,0,1,1,1,1,1,0,1,0,1,0,0,0,1,0,1,0,0,1,1,0,1,1,0,0,0,1,0,0,0,0,1,1,0,1,1,1,0,1,0,0,0,1,0,1,0,0,1,0,1,1,0,1,0,0,1,1,1,0,0,1,1
0.694362525644,1,0,0,0,1,0,0,1,0,1,1,0,0,1,0,0,0,0,1,1,0,1,0,1,1,0,0,0,0,1,0,0,0,1,1,0,0,1,0,1,1,1,0,0,1,0,0,1,1,0,1,0,1,0,0,1,1,1,1,0,0,0,0,0,1,1,0,1,1,1,1,0,1,1,0,1,0,0,1,1,1,1
0.215842394363,0,0,0,0,1,0,0,1,1,0,0,0,0,1,0,0,0,1,0,1,0,1,0,0,1,0,0,0,1,0,0,0,0,0,0,0,1,1,0,0,0,0,0,0,0,0,0,0,0,0,0,0,0,0,0,0,0,0,0,0,0,0,1,0,0,0,0,0,0,0,1,0,1,1,0,0,0,0,0,0,0,1
0.541495926804,0,0,0,0,1,0,0,1,1,1,1,0,1,1,0,0,0,1,1,1,0,0,1,0,1,0,0,1,1,1,0,0,0,1,0,1,1,1,0,0,1,1,0,0,0,0,1,0,0,0,1,1,1,0,0,0,1,0,1,0,0,0,1,0,1,0,0,1,0,1,1,1,1,1,0,0,1,1,0,0,1,1
0.477721571076,1,1,0,0,1,0,0,1,1,0,1,0,0,1,0,1,0,1,0,1,0,0,0,1,1,0,0,1,0,1,0,0,0,1,0,1,1,1,0,1,1,1,1,0,0,0,1,0,0,0,1,1,1,0,0,1,0,0,1,0,0,0,1,0,1,0,0,1,0,1,1,1,1,1,0,0,0,1,0,1,1,1
0.789433212222,1,1,0,1,1,0,0,1,1,1,1,0,1,0,1,0,0,1,1,1,0,0,0,1,1,0,0,1,0,1,1,0,0,1,0,1,1,1,0,1,1,1,0,0,0,0,1,0,0,0,1,1,1,0,1,1,1,0,1,0,0,1,0,0,1,1,0,1,0,1,1,0,1,1,0,1,1,1,0,0,1,1
0.618244695508,0,0,0,0,1,0,0,1,1,0,1,0,1,1,0,1,0,1,1,1,0,1,0,1,1,1,0,1,1,1,1,0,1,1,0,1,1,1,0,1,0,1,1,0,0,0,1,0,0,0,1,1,1,0,0,0,1,1,1,0,0,1,1,0,1,1,0,1,0,1,1,0,1,1,0,1,1,1,0,0,1,1
0.368653327967,0,1,0,1,1,0,0,1,0,0,1,0,1,1,0,1,0,1,0,1,0,1,0,1,1,0,0,0,1,1,0,0,0,1,0,0,0,1,1,0,0,1,0,0,0,0,1,0,0,0,1,1,1,0,1,1,0,0,1,0,0,0,1,0,0,1,0,1,0,1,1,0,1,0,0,1,0,1,0,0,1,1
0.689099743343,0,0,0,0,1,0,1,1,1,1,1,0,1,1,0,1,0,1,0,1,0,1,0,1,0,1,0,0,0,1,1,0,0,1,1,1,1,1,1,1,1,1,0,0,0,0,1,0,0,0,1,1,1,0,0,1,1,1,1,0,0,1,1,0,0,1,0,1,0,1,1,0,1,1,0,1,1,1,0,0,1,1
0.390201599484,0,1,0,1,1,0,1,0,1,0,1,0,0,0,0,0,0,1,0,1,0,1,0,1,0,0,0,0,0,1,0,0,0,1,0,0,1,1,1,0,0,0,1,0,0,0,1,0,0,0,1,1,1,0,1,0,1,0,1,0,0,0,1,0,0,1,0,1,0,1,1,0,1,0,0,0,0,1,0,0,0,1
0.849740615133,0,1,0,0,0,0,1,1,1,0,1,0,1,1,0,0,0,1,1,1,0,0,0,1,0,0,0,1,0,1,1,0,0,1,0,1,1,1,0,1,0,1,0,0,0,1,1,0,0,0,1,0,1,0,0,1,1,1,1,1,0,1,0,0,1,1,0,1,0,1,1,0,1,1,0,0,1,1,1,1,1,1
0.784943697466,1,1,0,1,1,0,1,1,1,0,1,0,1,1,0,1,0,1,1,1,0,1,0,1,1,1,0,0,0,1,0,0,1,1,0,1,1,1,0,1,1,1,1,0,0,0,0,0,1,0,0,1,1,0,0,1,1,1,1,0,0,1,0,0,1,1,1,1,0,0,1,0,1,1,0,1,1,1,1,0,1,1
0.854763418969,0,1,0,0,0,1,1,1,1,0,1,0,1,0,0,0,0,1,0,1,0,0,0,1,0,1,1,0,0,1,0,0,0,1,0,1,0,1,0,1,1,1,0,0,0,0,1,0,0,0,0,1,1,0,1,0,1,0,1,0,0,1,0,0,1,1,0,1,0,1,1,0,0,1,0,1,1,1,0,1,1,1
1.01116592665,0,1,0,0,1,1,1,1,1,0,1,0,1,0,0,0,0,0,1,1,0,0,0,1,1,1,1,0,0,1,0,0,0,1,0,1,0,1,0,1,0,1,0,0,0,1,1,0,1,0,1,1,1,0,1,1,1,1,1,1,0,1,0,0,0,1,1,0,0,1,1,0,1,1,0,1,1,1,1,1,1,1
0.488267907229,0,1,0,0,1,0,0,1,1,0,1,0,1,1,0,0,0,1,0,1,0,1,0,1,1,1,1,1,0,1,0,0,1,1,0,1,0,1,0,1,1,1,1,0,0,0,1,0,0,0,1,1,1,0,0,1,0,1,1,0,0,0,1,0,1,0,0,1,0,1,1,0,1,1,0,1,0,0,0,0,1,1
0.412164866243,1,1,0,1,1,0,0,1,1,0,1,0,1,1,0,0,1,1,0,1,0,1,0,1,0,1,0,1,1,1,0,0,0,1,0,0,0,1,0,1,1,1,0,0,1,0,1,0,0,0,1,1,1,0,0,0,0,1,1,0,0,0,1,0,1,0,0,1,0,1,1,0,1,1,0,0,0,1,0,0,1,1
0.571971535516,0,0,0,1,1,0,0,0,1,0,1,0,1,1,0,0,0,1,0,1,0,1,0,1,1,0,0,1,0,1,0,0,0,1,0,1,1,0,0,1,0,1,0,0,0,0,1,0,1,0,1,1,1,0,1,1,1,1,1,0,0,0,0,0,1,0,0,1,0,1,1,0,1,1,0,1,0,0,0,0,1,1
0.531668086633,0,0,0,0,0,0,0,1,1,0,1,0,1,1,0,1,0,1,0,1,0,1,1,1,1,0,0,1,1,1,0,0,0,1,0,0,1,1,0,1,1,1,0,0,0,0,1,0,0,1,1,1,1,0,1,1,1,0,1,0,0,0,1,0,1,1,0,1,0,1,1,0,1,1,0,0,1,1,0,0,1,1
0.755416592667,1,1,0,0,0,0,1,1,1,1,1,0,1,1,0,0,0,1,0,1,0,0,0,1,0,1,0,0,1,1,1,0,0,1,0,1,1,1,0,1,1,1,0,0,0,0,0,0,0,0,1,1,1,0,1,1,1,1,1,0,0,1,1,0,1,1,0,1,0,1,1,1,1,1,0,0,1,1,0,1,1,1
0.682452232129,0,1,0,0,1,0,0,1,1,0,1,0,1,1,0,0,0,1,1,1,0,1,0,1,0,1,0,0,0,1,0,0,0,1,0,1,1,1,0,1,1,1,0,0,0,0,0,0,0,0,1,1,1,0,1,1,1,1,1,0,0,1,1,0,1,1,0,1,0,1,1,0,1,1,0,0,1,0,0,1,1,1
0.802206897771,0,1,0,0,1,0,0,1,1,1,1,0,1,1,0,1,0,1,1,1,0,0,0,1,1,1,0,0,1,1,1,0,1,1,0,1,1,1,0,1,1,1,0,0,0,0,1,0,1,0,1,1,1,0,1,1,1,1,1,0,0,1,0,0,0,1,0,1,0,1,1,0,1,1,0,0,1,1,1,1,1,1
0.724997731214,0,0,0,0,1,0,1,1,1,1,1,0,1,1,0,0,0,1,0,1,0,1,0,1,0,0,1,0,1,1,0,0,0,1,1,1,1,1,0,1,1,1,0,0,0,0,1,0,0,0,1,1,1,0,1,1,1,1,1,0,0,1,1,0,0,1,1,0,0,1,1,0,1,1,0,0,1,1,0,0,1,1
0.680320220014,1,1,0,1,1,0,1,1,1,1,1,0,1,0,1,0,0,1,0,1,0,1,0,1,1,1,0,1,0,1,0,0,0,1,0,1,1,1,0,1,1,1,0,0,0,0,0,0,0,0,1,1,1,1,1,0,1,1,1,0,0,1,1,0,1,1,0,0,0,1,1,0,1,1,0,1,1,1,0,0,1,1
1.02551749749,1,1,0,0,0,1,1,1,1,1,1,0,1,1,0,0,0,1,1,1,0,0,0,1,0,1,1,0,0,1,0,0,0,1,1,1,1,1,0,1,0,1,1,0,0,1,1,0,0,0,1,1,1,0,1,0,1,1,1,1,0,1,0,0,1,1,1,1,0,1,1,0,1,1,0,1,1,1,1,1,1,1
0.995012943539,1,1,0,0,0,1,1,1,1,0,1,0,1,0,0,0,0,1,1,1,0,0,0,1,1,1,1,0,1,1,1,0,1,1,0,1,0,1,0,1,1,1,0,0,0,1,1,0,1,1,1,1,1,0,1,1,1,1,1,0,0,1,0,0,1,1,0,1,0,1,1,0,1,1,0,1,1,1,1,1,1,1
0.639904655594,0,1,0,0,1,0,1,1,0,0,1,0,1,1,0,0,0,0,0,1,0,1,0,0,1,1,0,0,0,0,1,0,0,1,1,1,1,1,0,1,1,0,0,0,0,0,0,0,0,0,0,0,1,0,0,0,1,1,1,0,0,1,0,0,0,1,0,0,0,0,1,0,1,1,0,1,1,1,0,1,0,1
0.51786711967,1,0,0,1,1,0,0,0,1,1,1,0,1,1,0,0,0,1,0,1,0,1,1,1,0,0,0,1,1,1,0,0,0,1,0,1,1,1,0,0,1,1,0,0,0,0,1,0,0,0,1,1,1,0,0,1,1,1,1,0,0,1,1,0,1,0,0,1,0,1,1,1,1,1,0,0,0,1,0,0,1,1
0.592138162243,0,0,0,0,1,0,0,1,1,1,1,0,1,1,0,0,0,1,1,1,0,1,0,1,0,1,0,0,1,1,0,0,0,1,0,1,1,1,0,1,1,1,0,0,0,0,1,0,0,0,1,1,1,0,1,1,1,1,1,0,0,0,1,0,1,0,0,1,0,1,1,1,1,1,0,0,1,1,0,0,1,1
0.455212885497,0,0,0,0,1,0,1,0,1,0,1,0,1,1,0,0,0,1,0,1,0,1,1,1,0,1,0,1,1,1,0,0,0,1,0,0,1,1,1,0,0,1,0,0,0,0,1,0,1,0,1,1,1,0,0,1,1,1,1,0,0,0,1,0,1,0,0,1,0,1,1,1,1,1,0,0,0,0,0,0,1,1
0.74159713894,1,0,0,0,1,0,1,1,1,0,1,0,1,1,0,0,0,1,0,1,0,1,0,1,1,1,1,1,0,1,1,0,1,1,1,1,0,1,0,1,1,1,0,0,0,0,1,0,0,0,1,1,1,0,1,1,1,0,1,1,0,1,1,0,1,1,0,1,0,1,1,0,1,1,0,0,1,1,0,1,1,1
0.601090910556,0,1,0,1,1,0,0,1,1,0,1,0,1,1,1,1,0,0,0,1,0,1,1,1,0,0,0,0,1,1,0,0,0,1,1,1,1,1,1,1,0,1,0,0,1,0,1,0,0,0,1,1,1,1,1,0,1,1,1,0,0,1,1,0,1,1,0,1,0,1,1,0,1,1,0,1,1,1,0,0,1,1
0.707532249381,1,1,0,1,0,0,0,1,1,0,1,0,1,0,0,0,0,1,0,1,0,1,0,1,1,0,0,0,0,1,0,0,0,1,0,1,0,1,1,1,1,1,0,0,0,0,1,0,1,0,1,1,1,0,1,1,1,1,1,0,0,1,1,0,0,1,0,1,0,1,1,1,1,1,0,1,1,1,0,0,1,1
0.466423730909,0,0,0,0,1,0,1,1,1,0,1,0,1,1,0,0,0,1,0,1,0,1,0,0,1,1,0,1,0,1,0,0,0,1,0,0,0,1,1,1,1,1,0,0,0,0,1,0,0,0,0,1,1,0,1,1,1,0,0,0,0,0,1,0,1,0,0,1,0,1,1,0,0,0,0,1,1,1,0,0,1,1
0.887304693169,0,1,0,0,0,0,1,1,1,1,1,0,1,1,0,0,0,0,1,1,0,1,0,1,1,1,0,0,1,1,1,0,1,1,1,1,1,1,0,1,1,1,0,0,0,0,1,0,1,0,1,1,1,0,1,1,1,1,1,0,0,1,0,0,1,1,0,1,0,1,1,1,1,1,0,1,1,1,0,1,1,1
0.660901581426,0,0,0,0,1,0,1,1,1,0,1,0,1,1,1,0,0,1,0,1,0,0,0,1,0,0,0,1,0,1,0,0,0,1,0,1,1,1,0,1,0,0,0,0,1,0,1,0,0,0,1,1,1,0,1,0,1,0,1,0,0,0,1,0,1,1,0,0,0,1,1,0,1,1,0,1,1,1,1,0,1,1
0.65726966985,1,1,0,1,1,0,1,1,1,1,1,0,0,1,0,0,0,1,0,1,0,1,0,0,1,0,0,0,0,1,0,0,0,1,0,1,1,1,0,0,1,1,1,0,0,0,1,0,0,0,1,0,1,0,0,1,1,1,1,0,0,1,1,0,1,1,0,1,0,1,1,0,1,1,0,1,1,1,0,1,1,1
0.976350134595,1,1,0,0,1,1,1,1,1,0,1,0,1,1,0,1,0,1,1,1,1,0,1,1,1,1,1,1,1,1,1,0,0,1,1,1,1,1,1,1,1,1,0,0,0,1,1,0,1,1,1,1,1,0,1,0,1,1,1,0,0,1,0,0,1,1,1,1,0,1,1,0,1,1,0,1,1,1,1,1,1,1
0.807787974502,1,1,0,0,0,1,1,1,1,0,1,0,1,1,0,0,0,0,1,1,0,0,0,1,0,1,0,0,1,1,0,0,0,1,0,1,0,1,0,1,1,1,0,0,0,0,0,0,0,0,1,1,1,0,0,1,1,1,1,0,0,1,0,0,0,1,0,1,0,1,1,0,0,1,0,0,0,1,1,1,1,1
0.419498357973,0,1,0,0,1,0,0,1,1,0,1,0,0,1,0,0,0,0,0,1,0,1,1,1,0,0,0,1,1,1,0,0,0,1,0,1,1,1,0,0,1,1,1,0,0,0,1,0,0,0,1,1,1,0,1,0,1,0,1,0,0,0,1,0,1,0,0,1,0,1,1,1,1,0,0,1,0,1,0,1,0,1
0.44941995698,0,0,0,0,1,0,0,1,1,1,1,0,1,1,0,0,0,1,0,1,0,1,0,1,0,0,0,1,1,1,1,0,1,1,0,0,1,1,0,0,1,1,0,0,0,0,1,0,0,0,1,1,1,0,1,0,1,0,1,0,0,0,1,0,1,0,0,1,0,1,1,1,1,1,0,0,0,1,0,0,1,1
0.489139998778,0,1,0,1,1,0,0,1,1,0,1,0,1,1,0,0,0,1,0,1,0,1,0,1,0,0,0,1,0,1,0,0,0,1,0,1,1,1,0,1,1,1,1,0,0,0,1,0,0,0,1,1,1,0,0,1,1,1,1,0,0,0,1,0,1,0,0,1,0,1,1,0,1,1,0,0,1,1,0,0,0,1
0.678596823518,0,0,0,0,1,0,1,1,1,0,1,0,1,1,0,1,0,1,1,1,0,0,0,1,0,1,0,0,1,1,1,0,0,1,0,1,1,1,0,1,1,1,0,0,0,0,0,0,0,0,1,1,1,0,1,1,1,0,1,0,0,1,1,0,1,1,0,1,0,1,1,1,1,1,0,1,1,1,0,0,1,1
0.633584807855,0,1,0,1,1,0,1,1,0,0,1,0,1,1,0,0,0,0,1,1,0,1,0,1,1,0,1,0,0,1,0,0,1,1,0,1,0,0,1,1,0,0,0,0,0,0,0,0,0,0,1,0,1,0,1,0,0,1,1,0,0,1,0,0,1,1,0,1,0,1,1,0,0,1,0,1,0,1,0,0,1,1
0.673282422205,1,0,0,0,1,0,0,0,1,0,1,0,1,1,1,0,0,1,0,1,0,0,0,1,1,0,0,1,1,1,1,0,0,1,0,1,1,1,0,1,1,1,0,0,0,0,1,0,0,0,1,1,1,0,0,1,1,1,1,0,0,1,0,0,1,1,0,0,0,1,1,1,1,1,0,0,1,1,0,0,1,1
0.816204539075,0,0,0,0,1,0,1,1,1,1,1,0,1,1,1,0,0,1,0,1,0,0,1,1,1,1,0,1,0,1,1,0,1,1,0,1,1,1,0,1,0,1,0,0,0,0,1,0,0,1,1,1,1,0,0,1,1,1,1,0,0,1,0,0,1,1,1,1,0,1,1,1,1,1,0,1,1,1,1,0,1,1
0.822786310822,0,1,0,0,0,0,0,1,1,0,1,0,1,1,1,0,0,1,1,1,0,0,0,1,1,1,0,0,1,1,1,0,0,1,1,1,1,1,0,1,1,1,0,0,1,0,0,0,0,0,1,1,1,0,1,1,1,1,1,0,0,1,0,0,1,1,0,1,1,1,1,1,1,1,0,0,1,1,1,1,1,1
0.808521126693,0,1,0,0,1,1,1,1,1,0,1,0,1,1,0,0,0,1,1,1,0,1,0,1,1,0,0,0,0,0,1,0,1,1,0,1,1,1,0,1,1,1,0,0,0,0,0,0,1,0,1,0,1,0,0,0,1,0,1,1,0,1,0,0,1,1,0,1,0,1,1,0,1,1,0,1,1,1,1,0,1,1
0.727321319683,1,1,0,0,0,1,1,1,1,0,1,0,1,1,0,0,0,1,0,1,0,1,1,0,1,1,0,1,1,1,0,0,0,1,1,1,0,1,1,1,1,1,1,0,0,1,0,0,0,0,0,0,1,0,1,0,1,0,1,0,0,1,1,0,1,1,1,1,0,0,1,0,1,1,0,0,1,1,1,1,1,1
0.857978004429,0,1,0,0,0,1,1,1,1,1,1,0,1,1,0,0,0,1,1,1,0,0,0,1,0,1,0,0,0,1,0,0,0,1,0,1,0,1,0,1,1,1,0,0,0,1,0,0,0,0,1,1,1,0,1,1,1,1,1,0,0,1,1,0,0,1,0,1,0,1,1,0,1,1,0,0,1,1,1,1,1,1
0.930022904835,1,1,0,0,0,1,1,1,1,0,1,0,1,0,0,0,0,0,1,1,0,1,1,0,1,1,1,1,0,1,1,0,0,1,1,1,1,1,1,1,1,1,0,1,0,1,0,0,1,0,1,1,1,1,1,1,1,1,1,1,0,1,0,0,1,1,0,1,0,1,1,0,1,1,0,1,1,1,1,1,1,1
0.537290810928,0,0,0,0,1,0,0,0,1,0,1,0,1,1,0,0,0,0,0,1,0,0,0,1,0,0,0,0,0,0,0,0,0,1,0,0,1,1,1,0,0,1,1,0,0,0,1,0,0,0,1,1,1,0,1,0,1,1,1,0,0,1,1,0,0,0,0,1,0,1,1,1,1,1,0,1,0,1,0,1,1,1
0.494434013905,1,0,0,1,1,0,0,1,1,1,1,0,1,1,0,1,0,1,0,1,0,1,1,0,1,1,0,1,0,1,0,0,1,1,0,1,1,1,0,1,0,1,0,0,0,0,1,0,0,0,1,1,1,0,0,1,0,1,1,0,0,0,1,0,1,0,0,1,0,1,1,1,1,1,0,0,1,1,0,0,1,1
0.379200943595,0,1,0,0,1,0,0,1,1,0,1,0,0,1,0,1,0,1,0,1,0,1,0,1,0,1,0,1,1,1,0,0,1,1,0,0,0,1,0,1,0,1,1,0,0,0,1,0,0,0,1,1,1,0,0,0,0,1,1,1,0,0,1,0,1,0,0,1,0,1,1,1,1,1,0,0,1,0,0,1,0,1
0.824638436275,1,1,0,0,1,0,1,1,1,1,1,0,1,1,0,0,0,1,1,1,0,0,0,1,1,0,1,1,1,1,1,0,1,1,1,1,1,1,1,1,1,1,0,0,0,0,0,0,0,1,1,1,1,0,1,0,1,1,1,0,0,1,0,0,1,1,0,1,0,1,1,0,1,0,0,0,1,1,0,1,1,1
0.545884401066,0,0,0,0,1,0,0,1,1,0,1,0,1,1,0,0,0,1,1,1,0,1,0,1,1,1,0,0,1,1,0,0,0,1,0,1,1,1,1,1,1,0,0,0,0,0,0,0,0,0,1,1,1,0,0,1,1,1,1,0,0,1,1,0,0,1,0,0,0,1,1,0,1,1,0,0,0,1,0,0,1,1
0.727204800114,1,0,0,0,1,0,0,1,1,1,1,0,1,1,1,1,0,1,1,1,0,1,0,1,1,1,1,1,0,1,0,0,1,1,0,1,1,0,0,1,1,1,0,0,0,0,1,0,0,0,1,1,1,0,0,0,1,1,1,1,0,1,1,0,1,1,0,1,0,1,1,0,1,1,0,0,1,1,0,1,1,1
0.827012636694,1,1,0,0,0,0,1,1,1,0,1,0,1,1,0,0,0,1,1,1,0,1,0,1,1,1,0,0,1,1,1,0,0,1,1,1,1,1,0,1,1,1,0,0,0,0,1,0,0,0,1,1,1,0,1,0,1,1,1,0,0,1,0,0,1,1,0,1,0,1,1,0,1,1,0,0,1,1,0,1,1,1
0.690122521295,0,0,0,0,1,0,1,1,0,1,1,0,1,1,0,0,0,1,1,1,0,1,0,1,0,0,0,0,1,1,1,0,0,1,0,1,1,1,0,1,1,1,0,0,0,0,1,0,0,0,1,0,1,0,0,1,1,1,1,0,0,1,1,0,1,1,0,0,0,1,1,0,1,1,0,0,1,1,0,1,1,1
0.655298299849,0,0,0,0,1,0,0,1,1,0,1,0,1,1,0,0,0,1,0,1,0,0,0,1,1,0,0,0,0,1,1,0,1,1,0,0,1,1,0,1,0,1,0,0,0,0,1,0,0,0,1,1,1,0,0,1,1,1,0,0,1,1,1,0,0,1,0,1,1,1,1,0,1,1,0,0,1,1,1,1,1,1
0.856681456461,1,1,0,0,1,0,1,1,1,0,1,0,1,1,0,0,0,1,1,1,1,0,0,1,0,1,0,1,1,1,1,0,0,1,1,1,1,1,0,1,1,1,0,0,0,1,1,0,1,0,1,1,1,0,1,1,1,1,1,1,0,1,1,0,1,1,0,1,0,1,1,0,1,1,0,1,1,1,1,0,1,1
0.785637712291,0,1,0,0,0,0,1,0,1,0,1,0,1,1,0,0,0,1,0,1,0,0,1,1,0,0,1,0,0,1,0,0,0,1,0,1,1,1,0,1,1,1,0,0,0,0,1,0,0,0,1,1,1,0,1,0,1,1,0,0,0,1,0,0,1,1,0,0,0,1,1,0,1,1,0,1,1,1,0,0,1,1
0.280076500638,0,0,0,0,0,0,0,0,0,0,0,0,0,0,0,0,0,0,0,0,0,0,0,0,0,0,0,0,0,0,0,0,0,0,0,0,0,0,0,0,0,0,0,0,0,0,0,0,0,0,0,0,0,0,0,0,0,0,0,0,0,0,0,0,0,0,0,0,0,0,0,0,0,0,0,0,0,0,0,0,0,0
0.110350345577,0,1,1,1,1,0,0,1,1,0,1,0,0,1,0,1,0,0,0,1,0,1,0,1,1,1,0,1,0,1,0,0,1,1,0,0,0,0,1,0,1,1,1,0,0,0,0,0,1,0,1,1,1,1,0,1,0,1,0,0,0,0,1,1,1,1,0,1,0,1,1,1,0,0,1,0,0,1,0,0,0,1
0.893253891897,0,1,0,0,1,0,1,1,1,0,1,0,1,1,0,1,0,0,1,1,0,1,0,1,1,1,0,0,0,1,1,0,0,1,1,1,0,1,0,1,1,1,0,0,0,0,0,0,1,1,1,1,1,0,1,1,1,1,1,0,0,1,0,0,1,1,1,1,1,1,1,0,1,1,0,0,1,1,1,1,1,1
0.898376569517,0,1,0,1,0,1,1,1,1,1,1,0,1,1,0,0,0,0,1,1,0,1,0,1,1,1,1,1,1,1,1,0,0,1,1,1,1,1,1,1,1,1,0,0,0,0,0,0,0,1,1,0,1,0,1,1,1,1,1,0,0,1,0,0,1,1,1,1,0,1,1,0,1,1,0,0,1,1,1,1,1,1
-0.0197712515179,0,1,1,0,1,0,1,1,0,0,1,0,0,1,0,0,1,0,0,1,0,1,0,0,1,1,0,1,1,1,0,0,0,1,0,0,0,1,0,0,1,0,1,0,0,0,0,0,0,0,1,0,1,1,0,1,0,0,0,0,0,0,1,1,0,0,0,1,0,1,1,0,1,0,1,0,0,1,0,0,0,1
-0.0214277870001,0,0,1,0,1,0,0,1,1,0,1,0,0,1,0,1,0,0,0,0,0,1,0,1,1,1,0,0,1,1,0,0,0,1,0,0,0,0,0,1,1,0,1,0,0,0,0,0,0,0,0,1,0,1,1,0,0,0,0,0,0,0,1,1,1,0,0,1,0,1,1,0,0,0,1,0,0,0,0,0,0,1
0.0451826075826,0,1,1,1,1,0,1,1,1,0,1,0,0,1,0,1,0,0,0,1,0,1,0,1,0,1,0,0,1,1,0,0,0,1,0,0,0,1,1,0,1,0,1,0,0,0,0,0,0,0,1,1,1,1,1,0,0,0,0,0,0,0,1,1,0,0,0,1,0,1,0,0,1,0,1,0,0,0,0,1,1,1
1.08951282231,1,1,0,0,1,1,1,1,1,1,1,0,0,1,0,0,0,0,1,1,0,0,0,1,1,1,1,1,0,1,0,1,0,1,1,1,1,1,1,1,1,1,0,1,0,1,0,0,1,0,1,1,1,0,1,1,1,1,1,0,0,1,0,0,1,1,1,1,1,1,1,0,1,1,0,1,1,1,0,1,1,1
0.998258174854,1,1,0,0,0,1,1,1,1,1,1,0,0,1,0,0,0,0,1,1,0,0,0,1,0,0,0,0,0,1,0,1,0,1,1,0,1,1,1,1,1,1,0,0,1,0,1,0,1,0,1,1,1,0,1,1,1,0,1,0,1,1,0,0,1,1,1,1,1,1,0,1,1,0,0,1,1,1,1,1,1,1
0.980946003485,0,1,0,0,0,1,1,1,1,0,1,0,0,1,0,0,0,0,1,1,0,1,1,1,1,1,0,1,0,1,0,1,1,1,1,1,0,1,1,1,1,1,0,0,1,0,1,1,1,0,1,1,1,0,0,1,1,1,1,0,0,0,0,0,1,1,1,1,1,1,0,0,1,1,0,1,1,1,1,1,1,1
1.06362046928,0,1,0,0,0,1,1,1,1,0,1,0,0,1,0,0,0,0,1,1,0,0,0,1,1,1,1,0,0,1,0,0,0,1,0,1,1,1,0,1,0,1,0,0,0,0,1,0,1,0,1,1,1,0,1,1,1,0,1,1,0,1,0,0,1,1,1,1,1,1,0,0,1,1,0,1,1,1,0,1,1,1
1.05724809333,1,1,0,0,0,1,1,1,1,0,1,0,0,1,0,0,0,1,1,1,0,1,0,1,1,1,0,0,0,1,0,1,0,1,0,1,0,1,0,1,1,1,0,0,0,1,1,0,0,0,1,1,1,0,1,1,1,1,1,0,0,1,0,0,1,1,1,1,1,1,0,0,1,1,0,1,1,1,1,1,1,1
1.04206866473,0,1,0,0,0,1,1,1,1,0,1,0,1,1,0,0,0,0,1,1,0,0,0,1,1,1,1,1,0,1,0,1,0,1,0,1,0,1,0,1,1,1,1,0,0,1,1,0,1,0,1,1,1,0,1,1,1,0,1,1,0,1,0,0,1,1,1,1,1,1,1,0,1,1,1,1,1,1,1,1,1,1
0.126555582107,0,1,0,1,1,0,0,1,1,0,1,0,1,1,0,1,0,0,0,1,0,1,0,1,1,1,0,0,0,1,1,0,1,1,0,1,0,0,1,0,1,0,1,0,0,0,1,0,0,0,0,1,1,1,1,1,0,0,0,0,0,0,1,1,1,0,0,1,0,1,1,0,1,0,1,0,0,0,0,1,0,1
0.849133437072,0,1,0,0,1,1,1,1,1,1,1,0,1,0,0,0,0,0,1,1,0,1,1,1,1,1,1,1,0,1,0,0,0,1,1,1,1,0,1,1,1,1,0,1,0,1,0,0,0,0,1,1,1,0,1,1,1,0,1,0,0,1,0,0,1,1,0,1,0,1,1,0,1,1,0,0,1,1,0,1,1,1
0.822361417105,0,1,0,0,1,1,1,1,1,0,1,0,1,1,0,1,0,0,1,1,0,0,0,1,0,1,0,1,1,1,1,0,0,1,0,1,1,1,1,1,1,1,0,0,0,1,0,0,0,1,1,1,1,0,1,1,1,0,1,0,0,1,0,0,1,1,0,1,0,1,1,0,1,1,0,0,1,1,1,1,1,1
-0.0240363979684,0,1,0,1,1,0,0,1,1,0,1,0,0,1,0,1,1,0,0,1,0,1,0,1,1,1,0,1,1,1,0,0,0,1,0,0,0,1,0,1,1,0,1,0,0,0,0,0,0,0,1,1,1,1,1,1,0,0,0,0,0,0,1,1,0,0,0,1,0,1,1,0,1,0,1,0,0,0,0,0,1,1
0.0226548055497,0,0,0,0,1,0,0,1,1,0,1,0,0,1,0,0,0,0,0,0,0,1,0,1,1,1,0,1,1,1,0,1,0,1,0,0,0,1,0,0,1,0,1,0,0,0,0,0,0,0,0,1,0,1,0,1,0,0,0,0,0,0,1,1,1,0,0,0,0,1,0,0,1,0,1,0,0,0,0,0,0,1
-0.019277483951,0,1,0,1,1,0,0,1,1,0,1,0,0,1,0,0,0,0,0,1,0,1,0,0,1,1,0,0,1,0,0,0,0,1,0,0,0,1,0,0,1,0,1,0,1,0,1,0,0,0,1,1,1,1,1,1,0,0,0,0,0,0,1,1,1,0,0,1,0,1,1,0,0,0,1,0,0,0,0,0,0,1
1.11308097164,0,1,0,0,0,1,1,1,1,1,1,0,0,1,0,0,0,0,1,1,0,0,0,1,1,1,1,0,1,1,0,1,1,1,0,1,0,1,0,1,1,1,0,0,0,0,1,0,1,0,1,1,1,0,1,1,1,1,1,1,0,1,0,0,0,1,1,1,1,1,1,0,1,1,0,1,1,1,1,1,1,1
0.980395230259,1,1,0,0,1,1,1,1,1,1,1,0,0,1,0,0,0,0,1,1,0,0,1,1,1,1,1,0,0,0,0,1,1,1,0,1,0,1,0,1,0,1,0,0,0,0,1,0,0,0,1,1,1,0,1,1,1,0,1,0,0,1,0,0,1,1,1,1,1,1,0,0,1,0,0,1,0,1,1,1,1,1
0.934686420619,0,1,0,0,0,1,1,1,1,1,1,0,0,1,0,1,0,0,1,1,0,0,0,1,1,1,0,1,1,1,0,1,0,1,1,1,0,1,0,1,1,1,0,0,1,1,1,0,1,1,1,1,1,0,0,1,1,1,1,0,1,0,0,0,1,1,1,1,1,1,1,0,1,1,0,0,1,0,1,1,1,1
1.04598009484,1,1,0,0,0,1,1,1,1,1,1,0,0,1,0,0,0,0,1,1,0,0,0,1,0,1,0,0,0,1,0,1,0,1,0,1,1,1,0,1,0,1,0,0,0,0,1,0,1,1,1,1,1,0,1,1,1,0,1,0,0,1,0,0,1,1,1,1,1,1,0,0,1,1,0,1,0,1,0,1,1,1
1.07223675126,0,1,0,0,0,1,1,1,1,1,1,0,0,1,0,1,0,0,1,1,0,0,0,1,1,1,0,0,1,1,0,1,1,1,1,1,1,1,0,1,0,1,0,0,0,0,1,0,1,0,1,1,1,0,1,1,1,1,1,0,0,1,0,0,1,1,1,1,1,1,1,0,1,1,0,1,1,1,1,1,1,1
0.97162144809,0,1,0,0,0,1,1,1,1,0,1,0,0,1,0,0,0,0,1,1,0,0,0,1,0,1,1,0,0,1,0,0,0,1,0,1,0,1,1,1,1,1,0,0,0,0,1,0,1,0,1,1,1,0,1,1,1,0,1,0,0,1,0,0,0,1,1,1,0,1,1,0,1,1,0,1,0,1,1,1,1,1
0.0719204347012,0,0,1,1,1,0,0,1,1,0,1,0,0,0,0,1,0,0,0,1,0,1,1,0,1,1,0,0,0,0,0,0,0,1,0,0,0,0,1,1,1,0,1,0,0,0,0,0,0,0,1,0,1,1,1,1,0,0,0,0,0,0,1,0,1,0,0,1,0,1,1,0,1,0,1,0,0,1,0,1,0,1
0.665843271225,0,1,0,0,0,0,0,0,1,0,1,0,1,1,0,1,0,0,1,1,0,1,0,0,1,1,0,1,0,0,1,0,1,1,0,1,1,0,0,1,1,1,0,0,0,0,0,0,0,0,1,1,0,0,1,0,0,0,1,0,0,1,0,0,1,1,0,0,1,1,1,0,1,1,0,0,1,1,0,1,1,1
0.0470511846962,0,1,1,1,1,0,0,1,1,0,1,0,0,0,0,1,0,0,1,1,0,1,0,0,1,1,0,0,1,1,0,0,0,1,0,0,0,0,0,0,1,1,1,0,0,0,1,0,0,0,0,1,1,1,0,1,0,0,0,0,0,0,1,1,1,0,0,1,0,1,1,1,1,0,1,0,0,0,0,1,0,1
-0.0557268752016,0,0,0,1,1,0,0,1,1,0,1,0,0,1,0,1,0,0,0,1,0,1,1,1,1,1,0,0,1,1,0,0,0,1,0,0,0,1,0,0,0,0,1,0,0,0,1,0,0,0,1,1,1,1,1,1,0,0,0,0,0,0,1,1,1,0,0,1,0,1,1,0,1,0,1,0,0,0,0,0,0,1
-0.0286843217703,0,0,1,0,1,0,0,1,1,0,1,0,0,1,0,1,0,0,0,1,0,1,0,0,1,1,0,0,1,1,0,0,1,1,0,0,0,1,0,1,1,0,1,0,0,0,0,0,0,0,1,1,1,1,1,1,0,0,0,0,0,0,1,1,0,0,0,1,0,0,0,0,1,0,1,0,0,0,0,0,0,1
-0.0394003187909,0,0,0,0,1,0,0,1,1,0,1,0,0,1,0,1,0,0,0,1,0,1,0,1,0,1,0,0,1,1,0,0,0,1,0,0,0,0,0,0,1,0,1,0,0,0,1,0,0,0,1,0,1,1,0,1,0,0,0,0,0,0,1,0,0,0,0,1,0,1,1,0,1,0,1,0,0,0,0,0,0,1
0.985521168373,1,1,0,1,1,1,1,1,1,1,1,0,1,1,0,0,0,0,1,1,0,1,1,1,1,1,1,0,1,1,0,1,0,1,0,1,0,1,0,1,1,1,1,0,0,1,1,0,1,1,1,1,1,0,1,1,1,1,1,0,0,1,0,0,1,1,1,1,1,1,0,0,1,1,0,0,1,1,1,1,1,1
0.91678886254,0,1,0,0,0,1,1,1,1,1,1,0,0,1,0,0,0,0,1,1,0,1,1,1,1,1,0,1,0,1,0,1,0,1,1,1,0,1,0,1,1,1,0,1,1,1,1,0,1,0,1,1,1,0,0,1,1,1,1,0,1,0,0,0,0,1,0,1,1,1,0,0,1,1,1,1,1,1,1,1,1,1
1.05887193225,1,1,0,0,1,1,1,1,1,1,1,0,0,1,0,0,0,0,1,1,0,0,0,1,1,1,1,1,1,1,0,1,0,1,0,1,0,1,1,1,1,1,0,1,0,0,1,0,1,1,1,1,1,0,1,1,1,0,1,0,0,1,0,0,1,1,1,1,1,1,1,0,1,1,0,1,1,1,0,1,1,1
1.03197818778,1,1,0,0,0,1,1,1,1,1,1,0,1,1,0,1,0,0,1,1,0,1,0,1,1,1,1,1,1,1,0,1,0,1,1,1,1,1,1,1,1,1,1,0,0,0,1,0,1,1,1,1,1,0,1,1,1,0,1,1,0,1,0,0,1,1,1,1,1,1,1,1,1,1,0,1,1,1,1,1,1,1
1.07546420044,0,1,0,0,0,1,1,1,1,0,1,0,1,1,0,1,0,0,1,1,0,0,0,1,1,1,1,0,0,1,0,1,0,1,0,1,0,1,0,1,1,1,0,0,0,0,1,0,1,0,1,1,1,0,1,1,1,0,1,1,0,1,0,0,1,1,1,1,1,1,1,0,1,1,0,1,1,1,0,1,1,1
1.02841178099,0,1,0,0,0,1,1,1,1,0,1,0,0,1,0,0,0,0,1,1,0,0,0,1,0,1,1,0,0,1,0,1,0,1,0,1,0,1,1,1,1,1,0,0,0,1,1,0,0,0,0,1,1,0,1,1,1,0,1,0,0,1,0,0,1,1,1,1,1,1,0,0,1,1,0,1,0,1,1,1,1,1
0.132510791749,0,1,0,0,1,0,0,0,0,0,0,0,0,0,0,0,0,0,0,0,0,0,0,0,0,0,0,0,0,0,0,0,0,1,0,0,0,0,0,0,0,0,1,0,0,0,0,0,0,0,0,0,0,1,0,0,0,0,0,0,0,0,1,0,0,0,0,0,0,1,1,0,0,0,1,0,0,0,0,0,0,1
0.940547361043,0,1,0,0,0,1,1,1,1,1,1,0,1,0,0,1,1,0,1,1,0,1,1,1,1,1,0,1,1,1,1,0,0,1,1,1,1,1,0,1,1,1,0,0,0,1,1,0,1,1,1,1,1,0,1,1,1,0,1,0,0,1,0,0,1,1,1,1,0,1,1,0,1,1,0,1,1,1,1,1,1,1
0.912931592057,0,1,0,1,1,1,0,1,1,1,1,0,1,1,0,0,0,0,1,1,0,1,1,1,1,1,1,1,0,1,1,0,0,1,1,1,0,1,0,1,1,1,0,0,0,1,1,0,0,0,1,1,1,0,0,1,1,1,1,0,0,1,0,0,1,1,1,1,0,1,1,0,1,1,0,1,1,1,1,1,1,1
-0.0489719477072,0,1,0,1,1,0,0,1,1,0,1,0,0,1,0,1,1,0,0,1,0,1,0,0,1,1,0,0,1,1,0,0,0,1,0,0,0,0,0,0,0,1,1,0,0,0,1,0,0,0,1,0,1,1,0,1,0,0,0,0,0,0,1,1,0,0,0,1,0,1,1,0,0,0,1,0,0,0,0,0,0,1
-0.0334641039103,0,0,1,0,1,0,0,1,1,0,1,0,0,1,0,1,0,0,0,1,0,1,1,1,1,1,0,1,1,0,0,0,1,1,0,0,0,1,1,0,1,0,1,0,0,0,1,0,0,0,1,0,0,1,0,1,0,0,0,0,0,0,1,1,1,0,0,1,0,1,1,0,1,0,1,0,0,1,0,0,0,1
0.0554618343671,0,1,1,1,1,0,0,1,1,0,1,0,0,1,0,1,0,0,0,1,0,1,1,1,1,1,0,1,1,0,0,0,0,1,0,0,0,0,0,0,1,0,1,0,0,0,0,0,1,0,1,0,0,1,0,1,0,0,1,0,0,0,1,1,1,0,0,0,0,1,1,1,0,1,1,0,0,1,0,1,0,1
1.06362988832,0,1,0,0,0,1,1,1,1,1,1,0,1,0,0,1,1,0,1,1,0,0,0,1,1,1,1,0,1,1,0,1,1,1,1,1,1,1,0,1,0,1,0,0,0,1,1,0,1,0,1,0,1,0,1,1,1,1,1,1,0,1,0,0,1,1,1,1,1,1,1,0,1,1,0,1,1,1,1,1,1,1
0.834073621683,0,1,0,1,0,1,1,1,1,1,1,0,1,0,0,0,0,0,1,1,0,0,0,1,0,1,0,0,0,0,0,0,0,1,1,1,0,1,0,1,1,1,0,0,0,0,0,0,0,0,1,1,0,0,0,0,1,0,1,0,0,1,0,0,1,1,1,0,0,1,1,0,1,1,0,0,1,1,0,1,1,1
1.01107842982,1,1,0,0,1,1,1,1,1,0,1,0,0,1,0,0,0,0,1,1,0,0,0,1,0,0,1,0,0,1,0,1,1,1,0,1,0,1,1,1,1,1,0,0,0,0,1,0,1,1,1,1,1,0,1,1,1,0,1,1,0,1,0,0,0,1,1,1,1,1,1,0,1,1,0,1,0,1,0,1,1,1
1.03867689093,1,1,0,0,1,1,1,1,1,0,1,0,0,1,0,1,0,0,1,1,0,0,0,1,1,1,1,0,0,1,0,0,0,1,0,1,0,1,0,1,1,1,0,0,0,1,1,0,1,0,1,1,1,0,1,1,1,1,1,1,0,1,0,0,0,1,1,1,1,1,1,0,1,1,0,1,1,1,0,1,1,1
1.07206759495,1,1,0,0,1,1,1,1,1,1,1,0,1,1,0,1,0,0,1,1,0,0,1,1,1,1,1,0,1,1,0,1,0,1,1,1,1,1,0,1,1,1,1,0,0,0,1,0,1,1,1,1,1,0,1,1,1,1,1,1,0,1,0,0,1,1,1,1,1,1,1,0,1,1,0,1,1,1,1,1,1,1
1.15373788521,0,1,0,0,0,1,1,1,1,0,1,0,0,1,0,0,0,0,1,1,0,0,0,1,1,1,1,0,0,1,0,1,1,1,1,1,0,1,0,1,1,1,0,0,0,1,1,0,1,0,1,1,1,0,1,1,1,1,1,1,0,1,0,0,1,1,1,1,1,1,1,0,1,1,0,1,1,1,1,1,1,1
0.141352241426,0,0,0,0,1,0,0,1,1,0,1,0,0,0,0,1,0,0,0,1,0,1,1,1,0,0,0,1,0,0,0,1,0,1,0,1,0,0,0,0,0,1,1,0,0,0,1,0,0,0,1,1,1,1,0,0,0,0,0,0,0,0,1,1,1,0,0,1,0,1,1,0,1,0,1,0,0,0,0,0,0,1
0.871690210459,0,1,0,1,1,1,1,1,1,0,1,0,1,1,0,1,0,0,1,1,0,0,1,1,1,1,0,1,1,1,1,1,0,1,0,1,0,1,0,1,1,1,0,0,0,0,1,0,0,1,1,1,1,0,1,1,1,1,1,0,0,1,0,0,1,1,0,1,1,1,1,1,1,1,0,0,1,1,1,1,1,1
0.830782294243,0,1,0,0,1,1,1,1,1,1,1,0,1,0,0,0,0,0,1,1,0,1,0,1,1,1,0,1,1,1,1,0,0,1,1,1,0,0,0,1,1,1,0,1,0,1,1,0,0,0,0,1,1,0,1,1,1,1,1,0,0,1,0,0,1,1,0,1,0,1,1,0,1,1,0,0,1,1,0,1,1,1
-0.0375664367787,0,0,0,1,1,0,0,1,1,0,1,0,0,1,0,1,0,0,0,1,0,1,0,1,1,1,0,0,1,1,0,0,0,1,0,0,0,1,0,0,1,0,1,0,1,0,1,0,0,0,1,0,1,1,1,1,0,0,0,0,0,0,1,1,0,0,0,1,0,1,1,1,1,0,1,0,0,1,0,1,0,1
-0.0172669928762,0,0,1,0,1,0,0,1,1,0,1,0,0,1,0,1,0,0,0,1,0,1,0,0,1,1,0,1,1,0,0,1,0,1,0,0,0,1,0,0,1,1,1,0,0,0,1,0,1,0,1,1,1,1,0,1,0,0,0,0,0,0,1,1,0,0,0,1,0,1,1,0,1,0,1,0,0,0,0,0,0,1
0.28850854068,0,1,1,0,1,0,0,0,1,0,1,1,0,1,1,1,0,0,0,1,0,1,1,1,1,1,0,1,1,1,0,0,1,1,0,1,0,1,1,0,1,0,0,0,0,0,0,0,1,1,1,0,1,1,0,1,1,0,0,0,0,0,1,0,1,1,0,1,0,1,0,0,1,0,1,1,0,1,0,0,0,1
1.04198224304,0,1,0,0,1,1,1,1,1,1,1,0,0,1,0,0,0,0,1,1,0,1,1,1,1,1,0,1,1,1,0,1,0,1,1,1,1,1,0,1,1,1,0,0,0,0,1,0,1,0,1,1,1,0,1,1,1,1,1,0,0,1,0,0,1,1,1,1,1,1,1,0,1,1,0,1,1,1,1,1,1,1
1.00801353685,1,1,0,0,1,1,1,1,1,0,1,0,1,1,0,0,0,0,1,1,0,0,0,1,1,1,1,0,1,1,0,0,1,1,0,1,0,1,0,1,1,1,0,0,0,0,1,0,1,1,1,1,1,0,1,1,1,1,1,1,0,1,0,0,1,1,1,1,0,1,1,0,1,1,0,1,0,1,1,1,1,1
1.01067392008,0,1,0,0,0,1,1,1,1,1,1,0,0,1,0,0,0,0,1,1,0,1,0,1,1,1,0,0,1,1,0,1,0,1,1,1,1,1,0,1,1,1,0,1,0,1,1,0,1,0,1,1,1,0,1,1,1,1,1,0,1,1,0,0,1,1,1,1,1,1,0,0,1,1,0,0,1,1,0,1,1,1
1.06916935611,1,1,0,0,0,1,1,1,1,0,1,0,0,1,0,1,0,0,1,1,0,0,0,1,1,1,1,0,0,1,0,1,0,1,0,1,0,1,0,1,1,1,0,0,0,0,1,0,1,1,1,1,1,0,1,1,1,0,1,0,0,1,0,0,1,1,1,1,0,1,0,0,1,1,0,1,1,1,1,1,1,1
1.002005069,0,1,0,0,0,1,1,1,1,0,1,0,1,1,0,0,0,0,1,1,0,0,0,1,1,1,1,0,1,1,0,1,0,1,0,1,0,1,0,1,1,1,0,0,0,0,1,0,1,0,0,1,1,0,1,1,1,0,1,0,0,1,0,0,1,1,1,1,1,0,0,0,1,1,0,1,0,1,0,1,1,1
1.03691430564,1,1,0,0,0,1,1,1,1,0,1,0,1,1,0,1,0,0,1,1,0,0,0,1,1,1,1,1,0,1,0,1,0,1,0,1,0,1,0,1,1,1,0,0,0,0,1,0,1,0,1,1,1,1,1,1,1,0,1,1,0,1,0,0,1,1,1,1,1,0,0,1,1,1,0,1,1,1,1,1,1,1
-0.0252275597589,0,1,1,1,1,0,0,1,1,0,1,0,0,1,0,1,0,0,0,1,0,1,0,0,1,1,0,1,0,1,0,0,0,1,0,0,0,0,0,0,1,1,1,0,0,0,1,0,0,0,1,1,1,1,0,1,0,0,0,0,0,0,1,1,1,0,0,1,0,1,1,0,0,0,1,0,0,0,0,0,0,1
0.690321162144,0,1,0,0,1,1,0,1,1,1,0,0,0,1,1,0,0,0,0,0,0,0,1,0,1,0,0,0,0,0,1,0,0,1,1,1,1,0,0,1,1,1,0,0,0,0,0,0,0,0,0,1,1,0,1,1,1,0,1,0,0,0,0,0,1,1,0,0,1,1,1,0,1,1,0,0,1,0,1,1,0,1
0.908843126343,0,1,0,1,1,1,1,1,1,1,1,0,1,1,0,1,0,0,1,1,0,1,0,1,1,1,0,1,1,1,1,1,0,1,1,1,0,1,0,1,0,1,0,0,0,0,1,0,1,1,1,1,1,0,1,1,1,1,1,0,0,1,0,0,1,1,0,1,0,1,1,0,1,1,0,1,1,1,1,1,1,1
0.0608646116379,0,1,1,1,1,0,0,1,1,0,1,0,0,1,0,1,0,0,0,1,0,1,1,1,1,1,0,1,1,1,0,0,1,1,0,0,0,1,0,0,0,1,1,0,1,0,0,0,1,0,0,1,0,1,0,1,0,0,0,0,0,0,1,1,0,0,0,1,0,1,1,1,1,0,1,0,0,1,0,1,1,1
0.0439999999861,0,1,1,1,1,1,0,1,0,0,1,0,0,1,0,1,0,0,0,1,0,1,0,1,1,1,0,0,1,0,0,0,0,1,0,0,0,1,0,0,1,0,1,0,0,0,0,0,0,0,1,0,1,1,1,1,0,0,0,0,0,0,1,1,1,0,0,1,0,1,0,0,1,0,1,0,0,1,0,1,1,1
0.257084183897,0,1,0,0,1,0,0,0,1,0,0,1,0,0,1,1,0,0,0,0,0,1,1,1,1,1,0,1,1,1,0,0,0,0,0,0,0,1,0,0,0,0,0,0,0,0,0,0,0,0,0,0,0,1,1,1,1,0,0,0,0,0,1,0,0,1,0,1,0,1,0,1,0,0,0,1,0,0,0,0,0,1
0.989825038254,1,1,1,0,1,1,1,1,1,1,1,0,0,1,0,1,0,0,1,1,0,1,0,1,1,1,1,1,0,1,0,1,0,1,1,1,0,1,0,1,1,1,0,1,0,0,1,0,1,0,1,1,1,0,1,1,1,1,1,0,0,1,0,0,1,1,0,1,1,1,1,0,1,1,0,1,1,1,0,1,1,1
0.823548668923,1,1,0,1,0,1,0,1,1,0,1,0,0,1,0,1,0,0,1,1,0,0,0,1,0,1,0,1,0,1,0,0,0,1,0,0,0,1,0,1,1,1,0,0,1,0,1,0,1,0,1,1,1,0,0,1,1,0,1,0,0,0,0,0,1,1,1,0,1,1,0,0,1,1,0,1,1,0,1,1,1,1
1.06977642666,0,1,0,0,1,1,1,1,1,1,1,0,1,1,0,0,0,0,1,1,0,0,0,1,0,1,1,0,0,1,0,1,0,1,1,1,1,1,0,1,1,1,0,0,0,0,1,0,1,0,1,1,1,0,1,1,1,1,1,1,0,1,0,0,0,1,1,1,0,1,0,1,1,1,0,1,1,1,1,1,1,1
0.99739267994,1,1,0,1,1,1,1,1,1,0,1,0,1,1,0,1,1,0,1,1,0,1,0,1,1,1,1,0,0,1,0,1,1,1,0,1,1,1,1,1,1,1,1,0,0,0,1,0,1,0,1,1,1,0,1,1,1,1,1,1,0,1,0,0,1,1,1,1,1,1,1,0,1,1,0,1,1,1,1,1,1,1
0.956502298781,1,1,0,0,1,1,1,1,1,0,1,0,0,1,0,0,0,0,1,1,0,0,1,1,1,1,0,1,0,1,0,1,1,1,0,1,0,1,0,1,1,1,1,0,0,1,0,0,1,0,1,1,1,0,1,1,1,0,1,0,0,1,0,0,0,1,1,1,1,1,0,0,1,1,0,1,1,1,0,1,1,1
1.10555359251,1,1,0,1,1,1,1,1,1,1,1,0,0,1,0,0,0,0,1,1,0,0,0,1,1,1,1,0,0,1,1,1,0,1,1,1,0,1,1,1,1,1,0,0,0,1,1,0,1,1,1,1,1,0,1,1,1,1,1,1,0,1,0,0,1,1,1,1,1,1,0,1,1,1,0,1,1,1,1,1,1,1
0.0699162141446,0,1,1,1,1,0,0,1,1,0,1,0,0,0,0,1,0,0,0,1,0,1,0,1,1,1,0,0,0,1,0,0,1,1,0,1,0,0,1,0,1,0,1,0,0,0,0,0,0,0,1,1,1,1,0,1,0,0,0,0,0,0,1,1,1,1,0,1,0,1,1,0,1,0,1,0,0,0,0,0,0,1
0.577833606816,0,0,0,0,0,1,0,1,0,0,0,0,1,0,0,1,0,0,1,1,0,0,1,0,0,1,0,0,0,1,1,1,0,0,0,0,1,0,0,1,1,1,0,0,0,0,1,0,0,0,0,0,0,0,1,1,0,0,1,0,0,1,0,0,1,1,0,0,0,0,1,0,0,0,0,0,1,1,0,0,0,1
0.911955535579,0,1,0,0,0,1,1,1,1,0,1,0,1,0,0,1,0,0,1,1,0,1,1,1,1,1,1,1,0,1,1,1,1,1,1,1,0,1,1,1,1,1,1,0,0,1,1,0,1,0,1,1,1,0,1,1,1,1,1,0,0,1,0,0,1,1,0,1,0,1,1,0,1,1,0,0,1,1,1,1,1,1
0.089212621576,0,0,1,1,1,0,0,1,0,0,1,0,0,1,0,1,1,0,0,1,0,1,1,1,0,1,0,0,0,1,0,0,0,1,0,0,0,1,0,0,1,1,1,0,0,0,0,0,1,0,1,1,1,1,1,1,0,0,0,0,0,0,1,0,0,0,0,1,0,1,1,1,1,0,0,0,0,1,0,0,0,1
0.0252599828832,0,1,0,1,1,0,0,1,0,0,1,0,1,1,0,1,1,0,0,1,0,1,0,1,1,1,0,1,1,1,0,1,0,1,0,0,0,1,1,0,1,1,1,0,0,0,0,0,1,0,1,1,1,1,0,1,0,0,0,0,0,0,1,1,0,0,0,1,0,1,1,1,1,0,1,0,0,0,0,0,0,1
0.270897432565,0,0,0,0,1,0,0,1,1,0,0,0,0,0,1,1,0,0,0,1,1,1,0,0,0,0,1,1,0,0,0,0,0,0,0,0,0,0,0,0,0,1,0,0,1,0,0,0,0,0,0,0,0,1,0,1,0,0,0,0,0,0,0,0,0,1,0,1,0,0,0,0,1,0,0,0,0,0,0,0,0,1
0.926047563877,1,1,0,0,0,1,1,1,1,1,1,0,0,1,0,1,0,0,1,1,0,0,1,1,0,0,1,1,0,1,0,0,0,1,1,1,0,1,1,1,0,1,0,1,0,0,1,1,0,0,1,1,1,0,1,0,1,0,1,1,0,1,0,0,1,1,0,0,1,1,1,0,1,0,0,1,1,1,0,1,1,1
0.911482817573,1,1,1,0,0,1,0,1,1,0,1,0,0,1,0,0,1,0,1,1,0,0,1,1,1,0,0,1,0,1,0,1,0,1,0,1,0,1,0,1,1,1,0,1,1,1,1,1,1,0,1,1,1,0,0,1,1,1,1,0,0,1,0,0,1,1,1,0,1,1,1,0,1,1,0,1,0,0,1,1,1,1
0.868065055104,0,1,0,0,1,1,1,1,1,0,1,0,0,0,0,0,0,0,1,1,0,0,1,1,1,1,0,1,1,1,0,1,1,1,1,1,0,1,0,1,1,1,0,1,0,1,1,0,1,1,1,1,1,0,1,1,1,1,1,0,0,1,0,0,1,1,0,0,0,1,1,0,1,1,1,0,1,1,0,1,1,1
1.01721767582,1,1,0,0,0,1,1,1,1,0,1,0,0,1,0,0,0,0,1,1,0,0,0,1,1,1,0,0,1,1,0,0,0,1,0,1,0,1,0,1,1,1,0,0,0,0,1,0,1,0,1,1,1,0,1,1,1,0,1,0,0,1,0,0,0,1,1,1,1,0,0,0,1,1,0,1,1,1,1,1,1,1
0.991484296102,0,1,1,0,1,1,1,1,1,0,1,0,1,1,0,1,0,0,1,1,0,1,0,1,1,1,1,0,0,1,0,1,1,1,0,1,0,1,1,1,1,1,1,0,0,0,1,0,1,0,1,1,1,0,1,1,1,1,1,1,0,1,0,0,1,1,1,1,1,1,1,0,1,1,0,1,1,1,1,1,1,1
1.04662968893,0,1,0,0,1,1,1,1,1,1,1,0,1,1,0,0,0,0,1,1,0,1,0,1,1,1,1,0,0,1,0,1,0,1,0,1,0,1,0,1,1,1,0,0,0,0,0,0,1,0,1,1,1,0,1,0,1,1,1,0,0,1,0,0,1,1,1,0,1,1,0,0,1,1,0,1,1,1,1,1,1,1
0.701864560053,0,1,0,0,1,0,0,1,1,1,0,0,1,1,0,0,0,0,1,1,0,1,0,0,0,0,0,0,0,1,0,1,0,1,1,1,0,0,0,1,0,1,0,0,0,0,1,0,0,0,0,1,1,0,1,1,0,0,0,0,0,1,0,0,1,1,1,1,0,0,1,0,0,1,0,0,1,1,0,1,1,1
0.783347656208,0,1,0,0,1,0,1,1,1,1,1,0,1,1,0,1,0,0,1,1,0,1,1,1,0,1,0,0,1,0,1,1,0,1,1,1,1,0,1,1,1,1,1,0,0,0,0,0,1,1,1,1,1,0,1,1,1,1,1,0,0,1,0,0,1,1,0,1,0,1,1,0,1,1,0,0,1,1,1,1,1,1
0.790779309906,0,1,0,0,1,0,1,1,1,0,1,0,1,1,0,1,0,0,1,1,0,0,1,1,1,1,0,1,1,1,1,0,0,1,1,1,1,0,0,1,1,1,0,0,0,1,1,0,0,0,1,1,1,0,0,1,1,1,1,0,0,1,0,0,0,1,0,1,1,1,1,0,1,1,0,0,1,1,0,1,1,1
0.0350749450036,0,1,1,0,1,0,0,1,1,0,1,0,0,1,0,1,0,0,0,1,0,1,1,0,0,1,0,0,1,1,0,0,0,1,0,0,0,0,1,1,1,0,1,0,1,0,0,0,1,0,1,0,0,1,0,1,0,0,0,0,0,0,1,1,1,0,0,0,0,1,0,0,0,0,1,0,0,0,0,0,1,1
-0.0321174911136,0,0,1,1,1,0,0,1,0,0,1,0,0,1,0,1,0,0,0,1,0,1,0,0,1,1,0,1,1,1,0,0,0,1,0,0,0,0,0,1,1,0,1,0,1,0,1,0,1,0,1,0,1,1,0,1,0,0,0,0,0,0,1,1,0,0,0,0,0,1,1,1,1,0,1,0,0,0,0,1,0,1
0.280076500638,0,0,0,0,0,0,0,0,0,0,0,0,0,0,0,0,0,0,0,0,0,0,0,0,0,0,0,0,0,0,0,0,0,0,0,0,0,0,0,0,0,0,0,0,0,0,0,0,0,0,0,0,0,0,0,0,0,0,0,0,0,0,0,0,0,0,0,0,0,0,0,0,0,0,0,0,0,0,0,0,0,0
0.988662465683,0,1,1,0,1,1,1,1,1,1,1,0,0,1,0,0,0,0,1,1,0,1,0,1,1,1,1,1,0,1,0,1,0,1,1,1,1,1,0,1,0,1,0,0,0,0,0,0,1,0,0,1,1,0,1,1,1,1,1,1,0,1,0,0,0,1,1,1,1,1,1,0,1,1,0,1,1,1,0,1,1,1
1.02437722092,1,1,0,0,1,1,1,1,1,1,1,0,1,0,0,0,0,0,1,1,0,0,0,1,1,1,1,1,1,1,1,1,0,1,0,1,0,1,1,1,1,1,0,0,0,0,1,0,1,0,1,1,1,0,1,1,1,0,1,0,0,1,1,0,1,1,1,1,1,1,1,0,1,1,0,1,1,1,1,1,1,1
0.88762183553,1,0,0,0,0,1,0,1,1,1,1,0,0,1,1,0,0,0,0,1,0,0,1,1,1,1,0,1,1,1,0,0,0,1,0,1,1,1,0,1,1,1,0,0,1,0,1,0,0,0,1,1,1,0,0,1,1,1,1,0,0,1,0,0,1,1,1,0,1,1,0,1,1,1,0,1,1,1,1,1,1,1
0.739634811048,0,1,0,0,0,0,1,1,1,0,1,0,0,0,0,0,0,0,1,1,0,0,0,0,0,0,1,0,0,1,0,0,0,1,0,1,0,0,0,1,1,1,0,0,0,0,1,0,0,0,1,0,1,0,0,1,1,0,1,1,0,0,0,0,0,1,0,0,1,1,1,0,1,0,0,0,1,1,0,1,1,1
1.03387376958,0,1,0,0,0,1,1,1,1,1,1,1,0,1,0,0,0,0,1,1,0,1,0,1,1,1,1,1,1,1,0,1,1,1,0,1,1,1,1,1,1,1,1,0,0,0,1,0,1,1,0,1,1,0,1,1,1,1,1,1,0,1,0,0,1,1,1,1,1,1,1,0,1,1,0,1,1,1,1,1,1,1
0.833590076079,0,1,0,0,0,1,1,1,1,0,1,0,0,0,0,0,0,0,1,1,0,0,0,1,1,1,0,0,0,1,0,0,0,1,0,1,0,1,0,1,1,1,0,0,0,0,1,0,0,1,1,1,1,0,1,1,1,1,1,0,0,1,0,0,0,1,0,0,0,1,0,0,0,0,0,1,0,1,0,1,1,1
0.0724736519866,0,0,0,1,1,0,0,1,1,0,1,0,0,1,0,1,1,0,0,1,0,1,1,1,1,1,0,0,1,1,0,0,1,1,0,0,0,1,0,1,1,1,1,0,0,0,1,0,1,0,1,1,1,1,1,1,0,0,0,0,0,0,1,1,1,0,0,1,0,1,1,0,1,0,1,0,0,0,0,0,1,1
0.101886599228,0,0,1,0,1,0,0,1,1,0,1,0,0,1,0,1,0,1,0,1,0,1,0,1,1,1,0,0,1,1,0,1,1,1,0,0,0,1,1,0,1,1,1,0,0,0,1,0,0,0,1,1,1,1,1,1,0,0,0,0,0,0,1,1,1,0,0,1,0,1,1,1,1,0,1,0,0,0,0,1,1,1
0.149485978841,0,0,1,1,1,0,0,1,1,0,1,0,0,1,0,1,0,0,0,1,0,1,0,1,1,1,0,0,0,1,0,0,0,1,0,0,0,0,1,0,1,1,1,0,0,0,0,0,0,0,1,1,1,1,0,1,0,1,1,0,0,0,1,1,1,1,0,1,0,1,1,0,1,1,1,0,0,0,0,1,0,1
0.109610491734,0,0,1,1,1,0,0,1,1,0,1,0,0,1,0,1,0,1,0,1,0,1,1,1,1,1,0,0,1,0,0,1,0,1,0,1,0,1,0,0,1,0,1,0,1,0,0,0,0,0,1,0,1,1,0,0,0,0,1,0,0,0,1,1,0,0,0,1,0,1,1,0,1,1,1,0,0,1,1,0,0,1
0.0638660592619,0,0,1,0,1,0,0,1,1,0,1,0,0,1,0,1,0,1,0,1,0,1,0,0,0,1,0,1,1,0,0,1,0,1,0,0,0,0,0,0,1,0,1,0,0,0,1,0,1,0,1,0,0,1,1,1,0,0,0,0,0,0,1,0,0,1,0,1,0,1,1,0,0,0,1,0,0,0,0,0,0,1
0.0796448247124,0,0,1,1,1,0,0,1,1,0,1,0,0,1,0,1,0,0,0,1,0,1,0,1,0,0,0,0,1,1,0,0,0,1,0,1,0,1,1,0,1,1,1,0,1,0,1,0,0,0,0,1,1,1,0,0,0,0,0,0,0,0,1,1,1,0,0,1,0,1,1,0,0,0,1,0,0,0,1,0,0,1
0.215986741642,0,1,1,1,1,0,0,1,1,0,1,0,0,1,0,1,1,1,0,1,0,1,1,1,1,0,0,1,0,1,0,0,0,1,0,1,0,1,0,1,1,1,1,0,0,0,1,0,0,0,1,1,1,1,0,1,0,1,0,0,0,0,1,0,1,0,0,1,0,1,1,1,1,0,1,0,0,1,0,0,1,1
0.275278167044,0,0,0,0,1,0,0,1,1,0,1,0,0,1,1,0,0,1,0,1,0,1,0,1,1,0,0,1,1,1,0,1,0,1,0,0,0,1,0,0,0,1,1,0,1,0,1,0,0,0,1,1,1,1,1,1,0,0,1,0,0,0,1,0,1,0,0,1,0,1,1,1,1,0,0,0,1,1,0,0,0,1
0.0353623326011,0,0,1,1,1,0,0,1,1,0,1,0,0,1,0,1,0,0,0,1,0,1,0,1,1,0,0,0,1,1,0,0,0,1,0,0,0,1,0,0,0,1,1,0,0,0,1,0,0,0,0,0,0,1,0,1,0,0,0,0,0,0,1,0,1,0,0,1,0,1,1,1,0,0,1,0,0,0,0,0,1,1
0.4695436808,0,0,0,0,1,1,0,1,1,0,1,0,1,1,0,1,1,0,0,1,0,1,0,1,0,1,0,1,0,1,0,0,0,1,0,1,1,1,1,0,0,1,0,0,0,0,1,0,0,0,0,1,1,1,1,1,1,0,1,0,0,0,1,0,0,1,0,0,0,1,1,1,1,1,0,0,0,1,0,0,1,1
0.549224556693,0,1,0,0,1,0,0,1,1,1,1,0,1,1,0,0,0,1,0,1,0,1,1,1,0,0,0,1,1,1,1,1,0,1,1,0,1,1,1,1,1,1,0,0,1,0,1,0,0,0,1,1,1,1,0,0,1,1,0,0,0,1,1,0,1,0,1,1,0,1,1,1,1,0,0,0,1,1,1,0,1,1
0.504169951718,0,0,1,1,1,1,0,1,1,0,1,0,1,1,1,1,0,1,0,1,0,1,1,1,0,0,0,1,0,1,0,1,1,1,0,0,0,1,1,0,0,1,0,0,0,0,1,0,1,0,1,1,1,1,1,1,1,1,0,0,0,1,0,0,1,0,0,1,0,1,1,1,1,1,0,0,0,1,0,1,1,1
0.122695841094,0,1,1,0,1,0,1,1,0,0,1,0,0,0,0,1,0,0,0,1,0,1,0,1,0,1,0,0,1,1,0,0,0,1,0,0,0,1,0,1,1,1,1,0,1,0,1,0,0,0,1,1,0,1,0,0,0,0,0,0,0,0,1,1,1,1,0,1,0,1,1,1,0,0,1,0,0,0,0,0,0,1
0.130389861082,0,0,1,0,1,0,0,1,1,0,1,1,0,0,0,0,0,0,0,0,0,1,0,0,1,1,0,0,1,1,0,1,0,1,0,1,0,0,0,0,1,1,1,0,0,0,1,0,0,0,1,0,0,1,0,1,0,0,0,0,0,0,1,1,0,0,0,1,1,1,1,0,1,0,1,0,0,0,0,0,1,1
0.170285705737,0,0,1,0,1,0,0,1,1,1,1,0,0,1,0,1,1,0,0,1,0,1,0,1,1,1,0,0,1,1,0,1,1,1,0,0,0,1,1,0,1,1,1,0,0,0,0,0,1,0,1,1,1,1,0,1,0,0,1,0,0,0,1,1,1,1,0,0,0,1,1,1,1,0,1,0,0,0,0,0,1,1
0.0262933319062,0,1,1,0,1,0,0,1,1,0,1,0,0,0,0,1,0,0,0,0,0,1,0,1,0,1,0,1,1,1,0,0,1,1,0,0,0,1,0,0,1,0,1,0,0,0,1,0,0,0,0,0,0,1,0,0,0,0,0,0,0,0,1,0,0,0,0,1,0,1,1,0,0,0,1,0,0,0,0,0,0,1
0.11794756145,0,0,1,0,1,0,0,0,1,0,0,0,0,1,0,1,0,0,0,1,0,1,0,0,1,0,0,1,0,0,0,0,1,1,0,0,0,0,0,0,0,0,1,0,0,0,1,0,0,0,1,0,1,1,0,1,0,1,0,0,0,0,1,0,1,1,0,1,0,1,1,1,1,0,1,0,0,0,0,0,0,1
0.105328722943,0,0,0,1,1,0,0,1,1,0,1,0,0,1,0,1,1,1,0,1,0,1,0,1,1,1,0,1,1,1,0,1,0,1,1,0,0,1,1,0,1,0,1,0,1,0,1,0,1,1,1,1,1,1,1,1,0,0,0,0,0,0,1,1,1,0,0,1,0,1,1,1,1,0,1,0,0,0,1,0,0,1
0.321574974338,0,0,0,1,1,0,0,1,1,0,1,0,0,1,1,0,0,0,0,1,0,1,1,0,0,0,0,1,0,1,0,1,1,1,0,0,0,0,0,0,0,1,1,0,0,0,0,0,0,0,1,1,1,1,1,1,0,1,1,0,0,0,1,0,1,0,0,1,1,1,1,1,1,1,0,0,0,0,0,0,1,1
0.145604544148,0,0,1,1,1,0,0,1,1,0,1,0,0,1,0,1,0,0,0,1,0,1,0,1,1,1,0,0,0,0,0,0,1,1,0,0,0,1,0,1,1,0,1,0,0,0,1,0,1,0,1,1,1,1,0,1,0,1,0,0,0,0,1,1,1,0,0,1,0,1,1,1,1,1,0,0,0,0,0,1,0,1
0.0938351132995,0,1,1,1,1,0,0,1,0,0,1,0,0,1,0,1,0,0,0,1,0,1,0,0,1,1,0,0,1,1,0,1,0,1,0,0,0,0,1,0,1,1,1,0,0,0,0,0,0,0,0,0,1,1,1,1,0,1,1,0,0,0,1,1,1,0,0,1,0,1,1,0,1,0,0,0,0,0,0,0,0,1
0.0750156627524,0,1,0,1,1,0,0,1,1,0,1,0,0,1,0,1,0,0,0,1,0,1,0,1,1,1,0,0,1,1,0,0,0,1,0,0,0,1,0,0,0,1,1,0,0,0,0,0,0,0,1,1,0,1,0,1,0,0,0,0,0,0,1,0,1,0,0,1,0,1,1,1,1,0,0,0,0,0,0,0,1,1
0.420407840469,0,0,0,0,1,0,0,1,1,0,1,0,1,1,0,1,0,0,0,1,0,1,0,1,0,1,0,1,1,1,0,0,0,1,0,1,1,1,0,1,1,1,0,0,0,0,1,0,1,0,1,1,1,1,1,1,1,1,0,0,0,1,1,0,1,0,0,1,0,1,1,0,1,0,0,0,0,1,0,0,1,1
0.169640517865,0,1,1,1,1,0,0,1,1,0,1,0,0,0,0,1,0,0,0,1,0,1,0,1,1,0,0,0,1,1,0,0,0,1,0,0,0,1,0,0,0,1,1,0,0,0,0,0,0,0,1,1,0,1,0,1,0,0,1,1,0,0,1,0,1,1,0,1,1,1,1,1,1,0,1,0,0,0,0,0,0,1
0.183526713702,0,1,1,0,1,0,0,1,1,0,1,1,0,1,0,1,1,0,0,1,0,1,0,0,1,1,0,0,1,1,0,1,1,1,0,1,1,1,0,0,1,1,1,0,1,0,0,0,1,0,1,1,0,1,0,1,0,1,0,0,0,0,1,1,1,0,0,1,1,1,1,0,1,0,1,0,0,1,0,0,0,1
0.176226596283,0,0,1,0,1,0,0,1,1,0,1,0,0,1,0,1,0,0,0,1,0,1,0,1,1,1,0,0,1,1,0,1,0,1,0,1,0,1,1,0,0,1,1,0,0,0,0,0,0,0,1,1,0,1,0,1,1,0,0,0,0,0,1,1,1,0,0,1,1,1,1,1,1,0,1,0,0,0,0,1,1,1
0.10776311506,0,1,1,1,1,0,0,1,1,0,1,0,0,1,0,1,1,0,0,1,0,1,1,1,1,1,0,1,1,1,0,0,1,1,0,0,0,1,1,0,1,1,1,0,0,0,1,0,0,0,1,1,1,1,1,1,0,0,0,0,0,0,1,1,1,0,0,1,0,1,1,1,1,1,0,0,0,0,0,1,0,1
0.0729912670462,0,0,1,0,1,0,0,1,1,0,1,0,0,0,0,1,0,0,0,1,0,1,0,0,1,0,0,0,1,1,0,0,0,1,0,0,0,0,0,0,1,1,1,0,0,0,0,0,0,0,1,0,0,1,0,0,0,0,1,0,0,0,1,0,0,0,0,1,1,1,1,0,1,0,1,0,0,0,0,0,0,1
-0.0453591466398,0,0,1,1,1,0,0,0,1,0,1,0,0,1,0,1,1,0,0,1,0,1,1,1,1,1,0,0,1,0,0,0,0,1,0,0,0,0,0,0,1,0,1,0,1,0,1,0,1,0,1,1,0,1,0,1,0,0,0,0,0,0,1,1,1,0,0,1,0,1,1,1,1,0,1,0,0,0,0,0,0,1
0.122225278585,0,0,1,0,1,0,0,1,1,0,1,0,0,0,0,1,1,1,0,1,0,1,0,1,1,1,0,1,1,0,0,1,0,1,1,0,0,0,1,1,0,0,1,0,0,0,0,0,1,1,1,1,1,1,0,0,0,0,0,0,0,0,1,1,1,0,0,1,0,1,1,0,1,0,1,0,0,0,0,1,0,1
0.29874013101,0,0,0,0,1,1,0,1,1,0,1,0,0,1,0,0,0,0,0,1,0,0,1,1,0,1,0,1,0,1,0,0,0,1,0,0,0,1,0,0,1,1,1,0,0,0,1,0,1,0,1,1,0,0,0,1,0,0,0,0,0,0,1,0,1,0,0,1,0,1,1,1,1,0,0,1,0,0,0,0,0,1
0.32248138275,0,0,1,0,1,0,0,1,1,0,1,0,0,1,0,1,0,0,0,1,0,1,0,1,0,1,0,1,1,1,0,0,1,1,0,0,0,1,0,1,1,1,0,0,1,0,1,0,1,0,1,1,1,0,0,1,0,0,1,0,0,0,1,0,0,0,0,1,0,1,1,0,1,1,0,0,1,1,0,0,0,1
0.0731670287579,0,0,1,1,1,0,0,1,1,0,1,1,0,1,0,1,0,0,0,1,0,1,0,1,1,1,0,0,1,1,0,0,0,1,0,0,0,1,0,0,1,1,1,0,0,0,0,0,0,0,0,1,0,1,0,1,0,1,0,0,0,0,1,1,1,0,0,1,0,1,1,1,0,1,1,0,0,0,0,1,1,1
-0.0204485024393,0,0,1,1,1,0,0,1,0,0,1,0,0,0,0,1,0,0,0,1,0,1,1,1,0,1,0,0,1,0,0,0,0,1,0,0,0,0,0,0,1,1,1,0,0,0,1,0,0,0,0,1,0,1,0,1,0,0,0,0,0,0,1,1,0,0,0,1,0,1,0,0,1,0,1,0,0,0,0,0,0,1
0.40797841134,0,0,1,1,1,0,0,1,1,1,1,0,1,1,0,0,0,0,0,1,0,1,0,0,0,1,0,1,1,1,0,1,1,1,0,0,0,1,1,0,1,1,1,0,0,0,1,0,0,0,1,1,1,0,1,1,1,1,1,0,0,0,1,0,1,0,0,1,0,1,1,0,1,1,0,1,0,0,0,0,1,1
0.472463572559,0,0,0,1,1,0,0,1,1,0,1,0,1,1,1,1,0,0,0,1,0,1,0,1,1,1,1,1,0,0,0,1,1,1,0,0,0,1,1,1,0,1,0,0,0,0,1,0,1,0,1,1,1,0,1,1,1,1,0,0,0,0,1,0,1,0,1,1,0,1,1,1,1,1,0,0,0,1,0,0,0,1
-0.0568348668295,0,0,1,1,1,0,0,1,0,0,1,0,0,1,0,1,0,0,0,1,0,1,0,1,1,1,0,0,1,0,0,0,0,1,0,0,0,1,0,0,0,1,1,0,0,0,0,0,0,0,1,1,0,1,1,1,0,0,0,0,0,0,1,1,1,0,0,1,0,1,1,0,0,0,1,0,0,0,0,0,0,1
0.192278785137,0,0,1,0,1,0,0,1,0,0,1,0,0,1,0,1,0,0,0,1,0,1,0,1,0,1,0,0,1,1,0,1,0,1,0,1,0,0,1,0,0,1,1,0,0,0,1,0,1,0,1,1,0,1,0,1,0,0,1,0,0,0,1,0,1,1,0,1,0,1,1,1,0,0,1,0,0,0,0,0,0,1
-0.00291490242953,0,1,1,1,1,0,0,1,1,0,1,1,0,1,0,1,0,0,0,1,0,1,1,1,1,1,0,1,0,1,0,0,0,1,0,0,0,1,0,0,1,0,1,0,0,0,1,0,0,0,1,0,1,1,0,1,0,1,0,0,0,0,1,1,1,0,0,1,0,1,1,1,1,0,1,0,0,0,0,0,0,1
0.0438537529748,0,0,1,1,1,0,0,1,1,0,1,0,0,0,0,1,0,0,0,0,0,1,0,0,0,1,0,0,1,1,0,0,0,1,0,0,0,0,0,0,1,1,1,0,0,0,1,0,0,0,0,1,0,1,0,0,0,0,0,0,0,0,1,1,1,0,0,1,0,1,1,0,0,0,1,0,0,0,0,1,1,1
0.163116117034,0,0,0,1,1,0,0,1,1,0,1,0,0,1,0,1,0,0,0,1,0,1,1,1,1,1,0,1,0,1,0,1,1,1,0,0,0,1,0,0,0,0,1,0,0,0,1,0,0,0,0,1,0,1,1,1,1,0,0,0,0,0,1,1,1,1,0,1,1,1,1,0,1,0,1,0,0,0,0,0,0,1
0.138473342128,0,0,0,1,1,0,0,1,1,0,1,0,0,1,0,1,0,1,0,1,0,1,0,1,0,1,0,1,1,0,0,1,1,1,1,0,0,1,1,0,0,0,1,0,0,0,0,0,1,0,1,1,1,1,0,1,0,0,0,0,0,0,1,1,1,0,0,1,0,1,1,1,0,1,1,0,0,0,1,1,0,1
0.372930554486,0,0,0,0,1,0,0,1,1,0,1,0,0,1,0,1,0,0,0,1,0,1,0,1,0,1,0,1,0,0,0,1,1,1,0,0,0,1,1,1,0,1,0,0,0,0,1,0,1,0,1,1,1,0,0,0,0,1,1,0,0,0,1,0,1,0,0,1,0,1,1,0,0,0,0,0,0,0,0,1,0,1
0.0743698635659,0,0,1,1,1,0,0,1,0,0,1,0,1,1,0,1,0,0,0,1,0,1,0,1,0,1,0,1,1,1,0,0,0,1,0,0,0,1,0,0,0,1,1,0,0,0,1,0,0,0,1,0,1,1,0,1,0,0,1,0,0,0,1,0,1,0,0,1,0,1,1,0,1,0,1,0,0,1,0,0,0,1
0.0855712728416,0,0,1,0,1,0,0,1,1,0,0,0,0,1,0,1,0,0,0,0,0,1,1,0,1,1,0,1,0,0,0,0,0,1,0,1,0,1,0,0,1,1,1,0,0,0,1,0,1,0,1,1,0,1,1,1,0,0,0,0,0,0,1,1,1,0,0,1,0,1,1,1,1,0,1,0,0,0,0,0,0,1
0.590529419974,0,0,0,1,1,0,1,1,1,0,1,0,1,1,0,0,0,0,0,1,0,1,0,1,0,0,1,1,1,1,0,1,1,1,0,1,1,1,0,1,0,1,1,0,0,0,1,0,0,0,1,0,1,0,1,1,1,1,1,0,0,1,1,0,1,0,0,1,0,1,1,1,1,1,0,1,0,1,0,0,1,1
0.65491943165,0,1,0,1,1,0,0,1,1,0,1,0,1,1,0,1,0,0,0,1,0,1,0,1,1,1,1,1,1,1,0,0,0,1,0,1,0,1,0,1,0,1,0,0,0,0,1,0,1,0,1,1,1,0,1,1,1,1,1,0,0,1,1,0,1,1,0,1,0,1,1,0,1,0,0,1,1,1,0,1,1,1
0.328678586538,0,0,0,0,1,0,0,0,1,0,1,0,0,1,0,0,0,0,0,1,0,1,0,0,1,1,0,1,0,1,0,0,1,1,0,1,0,1,0,0,1,1,0,0,0,0,1,0,0,0,0,0,1,0,0,0,1,0,0,0,0,0,1,0,1,0,0,0,0,1,1,0,0,0,0,1,0,0,0,0,0,1
0.0682380259958,0,1,1,0,1,0,0,1,1,0,1,0,0,1,0,1,0,0,0,1,0,1,0,1,0,1,0,0,1,0,0,0,1,1,0,0,0,0,0,0,1,0,1,0,0,0,0,0,0,0,1,1,0,1,0,1,0,0,0,0,0,0,1,0,1,1,0,1,0,1,1,0,1,1,1,0,0,0,0,0,0,1
0.474056285777,0,1,1,1,1,1,1,1,1,1,1,0,1,1,0,1,0,0,0,1,0,1,0,1,0,1,0,1,1,1,0,1,1,1,0,1,1,1,1,1,0,1,1,0,0,0,1,0,1,0,1,1,1,1,1,1,0,1,0,0,0,0,1,0,1,0,0,1,1,1,1,1,1,1,1,0,0,1,1,1,0,1
-0.0148761615437,0,0,1,1,1,0,0,1,1,0,1,0,0,1,0,1,1,0,0,1,0,1,1,0,1,1,0,0,0,1,0,0,0,1,0,0,0,1,1,0,1,0,1,0,0,0,1,0,0,0,1,1,1,1,0,1,0,1,0,0,0,0,1,1,1,0,0,1,0,1,1,0,1,0,1,0,0,0,0,0,0,1
0.175983559411,0,0,1,0,1,0,0,1,1,1,1,0,0,0,0,1,0,0,0,1,0,1,0,1,0,1,0,1,1,1,0,1,0,1,0,0,0,0,0,0,0,1,1,0,0,0,1,0,0,0,0,0,0,1,0,1,0,0,0,0,0,0,1,1,1,1,0,1,0,1,1,1,0,1,1,0,0,0,0,1,1,1
0.0477235760103,0,0,0,1,1,0,0,1,1,0,1,0,0,1,0,1,0,0,0,1,0,1,1,0,1,0,0,1,1,1,0,1,0,1,0,0,0,1,0,0,0,0,1,0,0,0,1,0,0,0,1,1,0,1,1,0,0,0,0,0,0,0,1,1,1,0,0,1,1,1,1,0,0,0,1,0,0,0,0,0,0,1
0.0487332855755,0,0,1,1,1,0,0,1,1,0,1,1,0,1,0,1,0,0,0,1,0,1,1,1,1,1,0,1,1,0,0,1,0,1,0,0,0,1,0,0,1,1,1,0,0,0,1,0,0,0,0,1,0,1,1,1,0,0,0,0,0,0,1,1,1,0,0,1,0,1,1,0,1,1,1,0,0,0,0,0,0,1
0.404115315568,0,0,0,1,1,0,0,1,1,1,1,0,0,1,0,1,0,0,0,1,0,1,0,1,1,1,0,1,1,1,0,0,0,1,0,1,0,1,0,1,1,0,1,0,1,0,1,0,1,0,1,1,1,0,1,1,0,0,1,0,0,0,1,0,1,1,0,1,0,0,1,1,1,0,0,0,1,1,0,1,1,1
0.390584832554,0,0,0,1,1,0,0,1,1,0,1,0,1,1,0,0,0,0,0,1,0,0,0,1,1,1,0,1,0,1,0,1,1,1,0,0,1,1,0,1,1,1,0,0,0,0,1,0,1,0,1,1,1,0,0,1,0,1,0,0,0,0,1,0,1,0,0,1,0,1,1,1,1,0,0,0,0,0,0,1,0,1
0.122727212534,0,1,1,0,1,0,0,1,1,0,1,0,0,0,0,1,1,0,0,1,0,1,0,1,0,1,0,0,0,1,0,0,0,1,0,0,0,1,0,0,0,0,1,0,0,0,1,0,1,0,1,1,1,1,0,0,0,0,1,0,0,0,1,1,1,0,0,1,0,1,1,0,0,1,1,0,0,0,0,0,0,1
0.0543555684673,0,1,1,1,1,0,0,1,1,0,1,0,0,1,0,1,0,0,0,1,0,1,0,1,1,0,0,0,0,1,0,0,0,1,0,0,0,0,0,0,1,0,1,0,0,0,1,0,0,0,0,1,1,1,0,1,0,0,1,0,0,0,1,1,1,0,0,1,0,1,1,1,0,0,1,0,0,0,0,0,1,1
0.537440883932,0,1,0,0,1,0,0,0,0,0,1,0,1,1,0,0,0,0,0,1,0,1,0,0,0,0,0,1,0,1,0,1,0,1,0,1,1,1,0,0,0,0,0,0,0,0,1,0,1,0,1,1,1,1,0,1,1,0,1,0,0,0,1,0,1,1,0,1,0,1,1,0,0,1,0,1,1,1,0,0,1,1
0.4329659533,0,0,0,0,1,0,0,1,1,1,1,0,0,1,0,0,0,0,0,1,0,1,1,0,0,1,0,1,1,1,0,0,0,1,0,0,1,1,0,0,0,1,0,0,0,0,1,0,1,0,0,1,1,0,1,1,1,0,1,0,0,0,1,0,1,1,0,1,0,1,1,1,1,1,0,0,0,1,0,0,0,1
0.163140585633,0,0,0,1,1,0,0,1,1,0,1,0,0,1,0,1,0,0,0,1,0,1,0,1,0,1,0,0,1,1,0,1,0,1,0,0,0,1,1,0,0,1,1,0,1,0,0,0,0,0,1,1,0,1,0,1,0,0,0,0,0,0,1,1,1,1,0,1,0,1,1,1,0,1,1,0,0,1,0,1,1,1
0.153786691787,0,0,1,1,1,0,0,0,1,0,1,0,1,1,0,1,1,0,0,1,0,1,0,1,1,1,0,1,1,1,0,1,1,1,0,0,0,1,1,0,1,1,1,0,0,0,1,0,1,0,1,1,0,1,0,1,0,1,0,0,0,0,1,1,1,0,0,1,1,1,1,1,1,0,0,0,0,0,0,0,0,1
0.105077062111,0,1,0,1,1,0,0,1,1,0,1,0,0,0,0,1,0,0,0,1,0,1,1,1,1,1,0,0,0,1,0,0,0,1,0,0,0,0,1,0,1,1,1,0,0,0,1,0,1,0,0,1,0,1,1,1,0,0,0,0,0,0,1,1,0,1,0,1,0,1,1,1,1,0,1,0,0,0,0,0,0,1
0.233259313152,0,0,1,1,1,1,0,1,1,0,1,0,0,0,0,1,0,0,0,1,0,1,0,1,0,1,0,0,1,0,0,1,0,1,0,0,0,0,0,0,1,1,1,0,0,0,1,0,0,0,1,0,1,1,0,1,0,1,0,0,0,0,1,0,1,1,0,1,1,1,1,0,1,1,1,0,0,1,0,0,0,1
0.0856723915226,0,0,1,0,1,1,0,0,1,0,1,0,0,1,0,1,0,0,0,1,0,1,0,1,1,1,0,0,1,1,0,1,0,1,0,0,0,1,1,0,1,0,1,0,0,0,1,0,1,0,1,1,1,1,0,1,0,0,0,0,0,0,1,0,1,0,0,1,0,1,1,0,1,0,1,0,0,0,0,0,0,1
0.0407117861435,0,1,1,1,1,0,0,1,1,0,1,0,0,1,0,1,0,0,0,1,0,1,0,1,1,1,0,1,1,0,0,1,0,1,0,0,0,1,0,0,1,0,1,0,1,0,1,0,0,0,1,1,1,1,1,1,0,0,0,0,0,0,1,1,1,0,0,1,1,1,1,1,1,0,1,0,0,0,0,1,0,1
0.550479817375,0,1,0,1,1,0,0,1,1,0,1,0,1,1,1,0,0,1,1,1,0,1,1,1,1,1,0,1,0,1,0,1,0,1,1,0,0,1,1,1,0,1,1,0,1,0,1,0,1,1,1,1,1,1,0,1,1,1,0,0,0,1,1,0,1,0,0,1,0,1,1,1,1,1,0,0,1,1,0,1,1,1
0.316338339137,0,0,0,1,1,0,0,1,1,0,1,0,1,1,0,0,0,1,0,1,0,1,1,1,1,1,0,1,0,1,0,1,0,1,0,0,0,1,1,1,1,1,0,0,0,0,1,0,0,0,1,1,1,1,0,1,0,0,1,0,0,0,1,0,1,0,0,1,0,1,1,0,1,0,0,1,0,0,0,0,0,1
0.321584448548,0,1,0,1,1,0,0,1,1,0,1,1,0,1,1,1,0,0,0,1,0,1,1,0,1,1,0,1,1,1,0,0,0,1,0,1,0,1,0,1,1,1,1,0,0,0,1,0,0,0,1,0,1,1,1,1,0,0,1,0,0,0,1,0,1,1,0,1,1,1,1,1,1,1,1,0,0,1,0,1,0,1
0.121295596148,0,0,1,1,1,0,0,1,1,0,0,0,0,0,0,1,0,0,0,1,0,1,1,1,1,1,0,0,1,1,0,0,0,1,0,1,0,0,0,0,1,1,1,0,0,0,1,1,0,0,0,1,1,1,0,1,0,0,0,0,0,0,1,1,1,0,0,1,0,1,1,0,1,0,1,0,0,1,0,1,1,1
0.915706250506,0,1,0,0,1,0,1,1,1,1,1,0,1,1,0,0,0,0,1,1,0,1,0,1,0,0,0,1,0,1,1,1,0,1,1,1,1,1,0,1,1,1,0,0,0,1,1,0,0,0,1,1,0,0,1,1,1,1,1,0,0,1,0,0,1,1,1,1,1,1,1,0,1,1,0,0,1,1,0,1,1,1
0.140422855613,0,0,0,1,1,0,0,1,0,0,1,0,0,1,0,1,0,0,0,1,0,1,0,1,0,1,0,1,1,0,0,0,0,1,0,1,0,0,0,0,0,0,1,0,0,0,1,0,1,0,1,1,1,1,0,1,1,0,0,0,0,0,1,0,1,0,0,1,0,1,1,1,0,0,1,0,0,1,0,1,0,1
0.0243094207929,0,0,0,0,1,0,0,0,0,0,0,0,0,1,0,1,0,0,0,0,0,1,0,0,0,1,0,0,1,1,0,0,0,0,0,0,0,0,0,0,0,0,1,0,0,0,0,0,0,0,0,0,0,1,0,0,0,0,0,0,0,0,1,0,0,0,0,1,0,1,1,0,0,0,1,0,0,0,0,0,0,1
0.146910380442,0,0,1,0,1,1,0,1,1,0,1,0,0,1,0,1,1,0,0,1,0,1,0,1,1,1,0,1,1,0,0,1,0,1,0,0,0,1,1,0,1,1,1,0,0,0,0,0,1,0,1,1,1,1,0,1,0,1,0,0,0,0,1,0,1,0,0,1,0,1,1,1,0,0,1,0,0,0,1,0,0,1
0.0348307208396,0,0,0,1,1,0,0,1,1,0,1,0,0,1,0,1,0,0,0,1,0,1,1,0,1,1,0,0,1,1,0,0,0,1,0,0,0,1,0,0,0,1,1,0,0,0,1,0,0,0,1,0,1,1,1,1,0,0,1,0,0,0,1,1,1,0,0,1,0,1,1,0,0,0,1,0,0,1,0,0,0,1
0.107209191646,0,0,1,1,1,0,0,0,1,0,1,0,0,0,0,1,0,0,0,1,0,1,0,0,0,1,0,0,1,0,0,0,0,1,0,0,0,1,0,0,0,0,1,0,0,0,1,0,0,0,1,1,0,1,0,0,0,0,0,0,0,0,1,0,0,1,0,0,0,1,1,0,1,1,1,0,0,0,0,0,1,1
-0.041666556153,0,0,0,1,1,0,0,1,1,0,1,0,0,1,0,1,0,0,0,1,0,1,1,1,0,1,0,1,1,0,0,0,0,1,0,0,0,1,0,0,1,1,1,0,0,0,1,0,0,0,1,0,0,1,0,0,0,0,0,0,0,0,1,1,0,0,0,1,0,1,1,0,0,0,1,0,0,0,0,0,0,1
0.0339735812501,0,0,1,1,1,0,0,1,1,0,1,1,0,1,0,1,0,1,0,0,0,1,0,1,1,1,0,1,1,1,0,1,0,1,0,0,0,1,1,0,1,0,1,0,1,0,1,0,0,0,1,1,1,1,1,0,0,0,0,0,0,0,1,1,1,0,0,1,0,0,1,0,1,0,1,0,0,0,0,0,0,1
0.389079318777,0,1,0,1,1,0,0,1,1,0,1,0,1,1,0,1,0,0,0,1,0,1,0,1,1,0,0,1,0,0,0,1,1,1,0,0,0,1,0,1,1,1,1,0,0,0,1,0,1,0,1,1,1,0,0,1,0,1,1,0,0,0,1,0,0,0,0,1,0,1,1,1,1,0,0,1,0,1,0,1,0,1
0.358814960051,0,0,0,1,1,0,0,1,1,0,1,0,1,1,0,0,0,0,0,1,0,1,0,0,1,1,0,1,0,1,0,1,0,1,0,0,0,1,0,1,0,1,0,0,0,0,1,0,1,0,1,1,1,1,0,1,0,0,1,0,0,0,1,0,1,0,0,1,0,1,1,1,1,0,0,0,1,1,0,1,0,1
0.501983143381,0,1,0,1,1,0,0,1,1,0,1,0,0,1,0,0,0,0,1,1,0,1,1,1,0,1,0,1,0,1,0,0,0,1,0,1,1,1,1,1,0,1,1,0,0,0,1,0,0,0,1,1,1,1,1,1,1,1,1,0,0,0,1,0,0,1,0,1,0,1,1,1,1,0,1,1,1,1,0,0,1,1
0.325835095373,0,1,0,1,1,0,0,1,1,0,1,0,0,1,0,1,0,0,0,1,0,1,0,0,1,1,0,1,0,1,0,0,0,1,0,1,0,1,0,1,1,1,0,0,0,0,1,0,1,0,1,1,1,1,0,1,0,0,1,0,0,0,1,0,1,1,0,1,0,1,1,1,1,0,1,1,0,1,0,0,0,1
0.701654051466,0,0,0,0,1,0,1,1,1,0,1,0,1,1,0,1,0,0,1,1,0,1,0,1,0,1,0,1,1,1,1,0,1,1,1,1,1,1,0,1,0,1,0,0,0,0,1,0,0,1,0,1,1,0,1,1,1,0,1,0,0,1,0,0,1,1,0,1,0,1,1,0,1,1,0,0,1,1,0,0,1,1
0.81967204971,0,1,0,0,1,0,1,0,1,1,1,0,1,1,0,1,0,1,1,1,0,1,0,1,0,1,0,1,1,1,1,1,0,1,1,1,1,1,0,1,1,1,0,0,0,0,1,0,1,1,1,1,1,1,1,1,1,1,1,0,0,1,0,0,1,1,0,1,0,1,1,0,1,1,0,1,1,1,1,0,1,1
-0.0368089612487,0,1,0,1,1,0,0,1,1,0,1,0,0,1,0,1,0,0,0,0,0,1,1,0,0,1,0,0,1,1,0,0,0,1,0,0,0,1,0,0,0,0,1,0,0,0,0,0,0,0,0,1,0,1,0,1,0,0,0,0,0,0,1,1,0,0,0,1,0,0,1,0,0,0,1,0,0,0,0,0,0,1
0.0765271896898,0,1,1,1,1,0,0,1,1,0,1,0,0,1,0,1,0,0,0,1,0,1,0,1,1,1,0,1,0,1,0,0,1,1,0,0,0,1,1,0,1,1,1,0,0,0,1,0,1,0,1,1,1,1,1,1,0,0,0,0,0,0,1,1,1,0,0,1,0,1,1,1,1,0,1,0,0,0,0,0,1,1
0.174207318971,0,0,1,1,1,0,0,1,1,0,1,0,0,1,0,0,0,0,0,1,0,1,0,1,0,1,0,0,1,1,0,1,0,1,0,1,0,0,1,1,1,1,1,0,0,0,1,0,1,0,1,1,1,1,0,1,0,0,0,0,0,0,1,1,1,0,0,0,0,1,1,1,1,0,1,0,0,0,0,1,1,1
0.0277725116411,0,1,1,1,1,1,0,1,1,0,1,0,0,1,0,1,0,0,0,1,0,1,0,1,0,1,0,0,1,0,0,0,0,1,0,0,0,1,1,0,1,0,1,0,0,0,1,0,0,0,0,1,1,1,0,1,0,0,0,0,0,0,1,1,1,0,0,1,0,1,1,0,0,0,1,0,0,0,0,0,1,1
0.0852251408133,0,0,1,0,1,0,0,0,1,0,1,0,0,1,0,1,0,0,0,0,0,1,0,0,1,0,0,0,1,1,0,0,0,1,0,0,0,1,0,0,0,0,1,0,0,0,1,0,0,0,1,1,0,0,0,1,0,0,0,0,0,0,1,0,0,1,0,1,0,1,1,0,1,0,1,0,0,0,0,0,0,1
0.281696771821,0,0,0,1,1,0,1,1,1,0,1,0,0,1,0,1,1,1,0,1,0,1,0,0,0,1,0,1,1,1,0,1,0,1,1,1,0,1,1,0,0,0,1,0,1,0,1,0,1,0,1,0,1,1,0,1,0,0,0,0,0,0,1,0,1,0,0,1,0,1,1,1,1,1,1,0,0,1,1,1,1,1
0.323943469293,0,0,0,0,1,0,0,1,1,0,1,0,0,1,0,1,0,0,0,1,1,1,0,0,0,0,1,1,0,1,0,1,0,1,0,0,0,1,0,0,1,1,0,0,0,0,1,0,1,0,1,1,1,0,0,1,0,0,0,0,0,0,1,0,1,0,0,1,0,1,1,1,1,0,0,0,0,1,0,0,1,1
0.529716756285,1,1,0,0,1,0,0,0,1,0,1,0,1,1,0,1,0,1,0,1,0,1,0,1,0,1,0,1,1,1,0,1,1,1,0,1,1,1,0,1,0,1,1,0,0,0,1,0,1,0,1,1,1,1,1,1,1,1,1,0,0,1,1,0,1,0,0,1,0,1,1,1,1,1,0,0,0,1,0,0,1,1
0.424335946218,0,0,0,1,1,0,0,1,1,1,1,0,0,1,0,1,0,1,0,1,0,1,0,1,0,1,0,1,1,0,0,0,0,1,0,1,0,1,1,0,1,1,1,0,1,0,1,0,0,0,1,0,1,1,0,1,1,1,1,0,0,0,1,0,1,1,0,1,0,1,1,0,0,1,0,1,1,1,0,1,0,1
0.116744698663,0,1,1,1,1,1,0,1,1,0,0,0,0,1,0,1,1,0,0,1,0,1,0,1,1,1,0,0,0,1,0,0,0,1,0,1,0,1,0,0,1,1,1,0,0,0,0,0,1,0,1,0,1,1,0,1,0,1,0,0,0,0,1,1,1,0,0,0,0,1,1,1,0,0,1,0,0,0,0,0,0,1
0.739608056856,0,1,0,0,1,0,0,1,1,0,1,0,1,1,1,1,0,1,0,1,0,1,1,1,1,1,0,0,0,0,1,1,0,1,0,1,1,1,1,1,1,1,0,0,0,0,1,0,1,0,1,1,1,1,1,1,1,1,1,0,0,1,0,0,1,0,1,1,0,1,1,1,1,1,0,1,1,1,1,1,1,1
0.757873892313,0,0,0,0,1,0,0,1,1,0,1,0,1,1,0,0,0,0,1,1,0,0,1,1,1,0,0,1,1,1,1,1,1,1,0,1,1,1,0,1,0,1,0,0,0,0,1,0,0,0,1,1,1,0,1,1,1,1,1,0,0,1,1,0,1,1,0,1,0,1,1,1,1,1,0,1,1,1,0,1,1,1
0.531423910109,1,1,0,1,1,0,0,1,1,0,1,0,1,1,1,1,0,0,1,1,0,1,1,1,1,1,1,1,1,1,0,1,0,1,0,0,1,1,0,1,1,1,1,0,0,0,1,0,1,0,1,1,1,0,1,1,0,1,1,0,0,0,1,0,1,1,0,1,0,1,0,1,1,0,0,0,0,1,0,1,1,1
0.608956932026,1,1,0,1,1,0,0,1,1,0,1,0,1,1,0,1,0,0,1,1,1,1,1,1,1,1,0,1,1,1,0,1,1,1,0,1,1,1,0,1,1,1,0,0,0,0,1,0,1,0,1,1,1,0,1,1,1,1,1,0,0,0,1,1,1,1,0,1,0,1,1,1,1,0,0,0,1,1,0,1,1,1
0.657426178976,1,0,0,1,1,1,0,1,1,1,1,0,1,1,0,0,0,0,1,1,1,1,0,1,0,1,0,1,1,1,0,1,0,1,0,1,1,1,0,1,1,1,1,0,0,0,1,0,1,0,1,1,1,0,0,1,1,1,0,0,0,1,1,0,1,1,0,1,0,1,1,1,1,0,0,1,1,1,0,0,1,1
0.485194237579,0,1,0,1,1,0,0,1,1,0,1,0,0,1,0,1,0,0,0,1,0,1,0,1,1,1,0,1,1,1,0,1,1,1,0,1,1,1,1,1,1,1,1,0,0,0,1,0,1,0,1,1,1,0,1,1,1,1,0,0,0,0,1,0,1,1,0,1,0,1,1,0,1,1,1,1,0,1,0,1,0,1
0.754647472266,0,1,0,0,1,0,1,1,1,1,1,0,1,1,0,0,0,0,1,1,1,1,0,1,1,0,1,1,1,1,1,0,1,1,0,1,1,1,0,1,0,1,0,0,1,0,1,0,1,0,1,1,1,0,1,1,1,1,1,0,1,1,1,0,1,1,0,1,0,1,1,1,1,0,0,1,1,1,0,0,1,1
0.809552976908,1,0,0,0,1,0,1,1,1,1,1,0,1,1,0,1,0,0,1,1,0,1,0,1,1,0,0,1,1,1,1,1,0,1,0,1,1,1,0,1,1,1,0,0,0,0,1,0,1,0,1,1,1,0,1,1,1,1,1,0,0,1,0,0,1,1,0,1,0,1,1,0,1,0,0,0,1,1,1,1,1,1
0.672440383724,0,1,0,0,1,0,0,1,1,0,1,0,1,1,0,1,0,0,1,1,0,0,1,1,1,1,0,1,0,1,1,1,1,1,0,1,1,1,0,1,1,1,0,0,1,0,0,0,1,1,1,1,1,0,0,1,1,1,1,0,0,1,0,0,1,0,0,1,0,1,1,1,1,0,0,0,1,1,0,0,1,1
0.746391797768,0,0,0,1,0,0,0,1,1,0,1,0,1,1,0,1,0,0,1,1,0,0,0,1,1,0,1,1,0,1,1,1,0,1,0,1,1,1,0,1,0,1,0,0,0,0,1,0,1,0,1,1,1,0,0,1,1,0,1,0,1,1,0,0,1,1,1,1,0,1,1,1,1,0,0,0,1,1,0,0,1,1
0.334916073808,0,0,1,1,1,0,1,1,1,1,1,0,0,1,0,1,0,0,0,1,0,1,0,1,1,1,0,1,1,1,0,0,0,1,1,1,1,1,0,1,1,1,1,0,0,0,1,0,0,0,1,1,1,1,0,1,0,0,0,0,0,1,1,1,1,1,0,0,0,1,1,1,1,0,1,0,1,1,0,1,1,1
0.846405066733,0,1,0,1,1,0,1,1,1,1,1,0,1,1,0,0,0,0,1,1,0,1,1,1,1,1,1,1,1,1,1,0,0,1,1,1,1,1,0,1,1,1,0,1,0,1,1,0,0,1,1,1,1,0,1,1,1,1,1,0,0,1,0,0,1,1,0,1,0,0,1,0,1,0,0,1,1,1,1,1,1,1
0.835092371198,0,1,0,0,1,0,1,1,1,1,1,0,1,1,0,0,0,0,1,1,0,1,0,1,1,1,0,0,1,1,1,1,0,1,1,1,1,1,1,1,1,1,0,0,0,1,1,0,0,0,1,1,1,0,0,1,1,1,1,0,0,1,0,0,1,1,1,1,0,1,1,0,1,0,0,0,1,1,0,1,1,1
0.817860181983,0,1,0,1,0,1,0,1,1,0,1,0,1,1,0,1,0,0,1,1,0,1,0,1,1,1,0,1,1,1,1,1,1,1,0,1,0,1,0,1,0,1,0,0,0,1,0,0,1,1,1,1,1,0,1,1,1,1,1,0,0,1,0,0,1,1,0,1,0,1,1,0,1,0,0,1,1,1,1,1,1,1
0.479891620278,0,0,0,1,1,0,0,1,1,1,1,1,1,1,0,1,0,0,0,1,1,1,1,1,1,1,0,0,1,1,1,0,0,1,0,1,1,1,0,1,1,1,1,0,1,0,0,0,1,0,1,1,1,0,1,1,0,1,1,0,0,0,1,0,1,1,0,1,0,1,0,0,0,0,0,0,1,1,0,1,1,1
0.457759621458,0,0,1,1,1,0,0,1,1,0,1,0,1,1,0,1,0,0,1,1,1,1,1,1,1,1,0,1,1,1,0,0,0,1,0,1,1,1,1,1,1,1,1,0,0,0,1,0,1,1,1,1,1,0,1,1,1,0,1,0,0,0,1,0,1,1,0,1,0,1,1,1,1,0,1,1,0,1,0,0,1,1
0.503679928315,0,0,0,1,1,0,0,1,1,0,1,0,1,1,1,0,0,0,0,1,0,0,1,0,0,1,0,1,1,1,1,0,0,1,0,1,0,1,0,1,1,1,1,0,1,0,1,0,0,0,1,1,1,0,1,1,1,1,1,0,0,1,1,0,0,0,0,1,0,1,1,1,1,0,0,1,1,1,0,0,1,1
0.639060636918,1,1,0,1,1,0,0,1,1,0,1,0,1,1,0,0,0,0,0,1,0,1,0,1,1,0,1,1,1,1,0,0,1,1,0,1,0,1,0,1,1,1,0,0,1,0,1,0,1,1,1,1,1,0,1,1,1,1,1,0,0,1,1,0,1,0,0,1,0,1,1,0,1,0,0,1,1,1,0,0,1,1
0.521346893337,0,0,0,1,1,0,0,1,1,0,1,0,0,1,0,1,0,0,0,1,0,1,1,1,1,1,0,1,0,1,0,1,0,1,0,1,0,1,1,0,1,1,0,0,0,0,1,0,1,0,1,1,1,0,1,1,1,0,1,0,0,0,1,0,1,1,0,1,0,1,1,0,1,0,0,1,0,1,0,1,1,1
0.777271452873,0,1,0,0,1,0,1,1,1,1,1,0,1,1,1,1,0,0,1,1,0,0,0,1,1,1,0,1,1,1,1,1,1,1,0,1,1,1,1,1,1,1,0,0,0,0,1,0,1,0,1,1,1,0,1,1,1,1,1,0,0,1,1,0,1,1,0,1,0,1,1,0,1,0,0,0,1,1,0,1,1,1
0.655741796133,0,1,0,0,1,1,0,1,1,0,1,0,1,0,0,0,0,0,0,1,0,1,0,0,0,1,0,0,0,0,1,0,0,1,0,1,1,1,1,1,1,1,0,0,0,0,1,0,0,0,1,0,1,0,1,1,0,1,1,0,0,1,0,0,1,1,0,1,0,1,1,0,1,0,0,0,1,1,0,1,1,1
0.742256055278,0,1,0,0,0,0,1,1,1,1,1,0,1,1,0,0,0,0,1,1,0,1,0,1,1,1,0,1,1,1,1,0,1,1,1,1,1,1,0,1,1,1,0,1,0,1,0,0,1,0,1,0,1,1,1,1,1,0,1,0,0,1,0,0,1,1,0,1,0,1,1,0,1,0,0,1,1,1,0,0,1,1
0.643406532797,0,1,0,1,1,0,0,1,1,1,1,0,1,1,0,1,0,0,1,1,0,1,0,1,0,1,0,1,1,1,0,1,1,1,0,1,1,1,0,0,1,1,1,0,0,0,1,0,1,0,1,1,1,0,1,1,1,1,1,0,0,1,1,0,1,1,0,1,0,1,0,0,1,0,0,1,1,1,0,0,1,1
0.848636333668,0,1,0,1,1,1,1,1,1,1,1,0,1,1,0,1,0,0,1,1,0,1,1,1,1,1,1,1,1,1,0,0,0,1,0,1,1,1,1,1,1,1,0,0,0,0,1,0,1,1,1,1,1,0,1,1,1,1,1,0,0,1,0,0,1,1,0,1,0,1,1,0,1,0,0,1,1,1,0,1,1,1
0.999740531385,0,1,0,0,0,1,1,1,1,1,1,0,1,0,0,1,0,0,1,1,0,1,0,1,0,1,1,1,0,1,1,1,0,1,1,1,0,1,1,1,1,1,0,0,0,1,1,0,1,0,1,1,1,0,1,1,1,1,1,0,0,1,0,0,1,1,1,1,0,1,1,0,1,0,0,1,1,1,1,1,1,1
0.887866693806,0,1,0,0,1,1,1,1,1,1,1,0,1,1,0,0,0,0,1,1,0,1,0,1,1,1,0,1,0,1,0,0,0,1,1,1,1,0,0,1,1,1,0,1,0,0,1,0,0,1,0,1,1,0,1,1,1,1,1,0,0,1,0,0,1,1,1,1,0,1,1,0,1,0,0,0,1,1,1,1,1,1
0.671422978157,0,1,0,1,1,0,0,1,1,1,1,0,1,1,1,0,0,0,1,1,0,1,0,1,1,1,1,1,1,1,0,1,0,1,0,1,1,1,0,1,1,1,1,0,0,0,1,0,1,0,1,1,1,0,1,0,1,1,1,0,0,1,1,0,1,1,0,1,0,1,1,0,1,0,1,1,1,1,0,0,1,1
0.696589784554,0,0,0,1,1,0,1,1,1,0,1,0,1,1,0,0,0,0,1,1,0,0,0,1,1,1,0,1,1,1,0,1,1,1,0,1,1,1,0,1,1,1,0,0,1,0,1,0,1,0,1,1,1,0,1,1,1,1,1,0,0,1,1,0,1,1,0,1,0,1,1,1,1,0,0,0,1,1,0,0,1,1
0.690289835477,0,1,0,1,1,0,1,1,1,0,1,0,1,1,0,0,0,0,1,1,0,0,0,1,1,0,0,1,1,1,1,1,0,1,0,1,1,1,0,1,1,1,0,0,0,0,1,0,0,0,1,1,1,1,1,1,1,1,1,0,0,1,1,0,1,1,0,1,0,1,1,1,1,0,0,0,1,1,0,1,1,1
0.662582714811,1,1,0,1,1,0,1,1,1,1,1,0,1,1,0,0,0,0,0,1,0,1,1,1,1,0,0,1,1,1,1,0,0,1,0,1,1,1,0,1,1,0,0,0,1,0,0,0,1,1,1,1,1,0,1,1,1,0,1,0,0,1,0,0,1,1,0,1,0,1,1,1,1,0,0,0,1,1,0,1,1,1
0.703761115673,0,1,0,1,1,1,1,1,1,0,1,0,1,1,0,0,0,0,0,1,0,1,1,1,0,1,0,1,1,1,1,0,0,1,0,1,1,1,1,1,1,1,0,0,1,0,1,0,0,0,1,1,1,0,1,1,1,1,1,0,0,1,1,0,1,1,1,1,0,1,1,1,1,0,0,1,1,1,0,0,1,1
0.869234448563,1,1,0,0,1,1,1,1,1,1,1,0,1,1,1,0,0,0,1,1,0,0,0,1,1,1,0,1,1,1,1,0,1,1,1,1,1,1,0,1,1,1,0,0,0,0,1,0,0,1,1,1,1,0,1,1,1,1,1,0,0,1,0,0,1,1,0,1,0,1,1,0,1,0,0,1,1,1,0,0,1,1
0.820085347442,0,1,0,0,0,0,1,1,1,1,1,0,1,1,0,0,0,0,1,1,0,0,1,1,1,1,0,1,1,1,1,0,0,1,1,1,1,1,0,1,1,1,1,0,0,0,1,0,1,0,0,1,1,0,1,1,1,0,1,0,0,1,0,0,1,1,0,1,0,1,1,0,1,0,0,1,1,1,0,1,1,1
0.691977955076,0,1,0,0,1,0,0,1,1,1,1,0,1,0,0,0,0,0,1,0,1,0,0,1,0,0,0,1,1,1,1,0,0,1,1,1,1,1,0,1,1,1,0,0,0,0,0,0,0,0,1,0,1,0,0,1,1,1,1,0,0,1,1,0,0,1,0,1,0,1,1,0,1,0,0,1,1,1,0,1,1,1
0.812312173818,1,1,0,0,1,0,1,0,1,1,1,0,1,1,0,0,0,0,1,1,0,0,0,1,0,1,1,1,1,1,0,0,0,1,1,1,1,1,0,1,0,1,0,0,0,0,1,0,0,1,1,1,1,0,1,1,1,1,1,0,0,1,1,0,1,1,0,1,0,1,1,0,1,0,0,1,1,1,0,0,1,1
0.87343248949,0,1,0,1,1,1,1,1,1,1,1,0,1,1,0,1,0,0,1,1,0,1,1,1,1,1,1,1,0,1,0,1,0,1,0,1,1,1,1,1,1,1,1,0,0,1,1,0,0,1,1,1,1,0,1,1,1,1,1,0,0,1,0,0,1,1,1,1,0,1,1,0,1,0,0,0,1,1,1,1,1,1
0.964559978183,0,1,0,0,1,1,1,1,1,1,1,0,1,1,0,0,0,0,1,1,1,1,0,1,1,1,0,1,0,1,0,0,0,1,1,1,1,1,0,1,1,1,0,1,0,1,1,0,1,1,1,1,1,0,1,1,1,1,1,0,0,1,0,1,1,1,1,1,1,1,1,0,1,0,0,1,1,1,1,1,1,1
0.892563462122,0,1,0,1,1,1,1,1,1,0,1,0,1,1,0,0,0,0,1,1,0,1,0,1,1,1,1,1,0,1,0,1,1,1,0,1,0,0,1,1,1,1,0,1,0,0,1,0,1,0,1,1,1,0,1,0,1,1,1,0,0,1,0,0,1,1,1,1,0,1,1,0,1,0,1,1,1,1,1,1,1,1
0.386224411327,0,1,1,1,1,0,0,1,1,1,1,0,1,1,0,1,0,0,1,1,0,1,0,1,1,1,0,1,1,1,0,0,0,1,0,1,1,1,1,1,1,1,1,0,1,0,1,0,1,0,1,1,1,1,0,1,1,1,0,0,1,1,1,1,1,0,0,1,0,1,0,0,1,0,1,0,0,1,0,1,1,1
0.525406251149,1,1,0,1,1,0,1,1,1,0,1,0,1,1,1,1,0,0,1,1,0,1,1,1,1,1,0,1,1,1,0,0,0,1,0,1,1,1,0,1,1,1,1,0,0,0,1,0,0,0,1,1,1,0,1,1,0,1,1,0,0,0,1,0,1,0,1,1,0,1,1,1,1,0,0,0,1,1,0,0,1,1
0.597637236746,1,0,0,1,1,0,0,1,1,0,1,0,1,1,1,1,0,0,1,1,0,1,0,1,1,1,1,1,1,1,0,1,0,1,0,1,1,1,1,1,1,1,1,0,0,0,1,0,1,0,1,1,1,0,1,1,0,1,1,0,0,1,0,0,1,0,0,1,0,1,1,0,1,0,0,1,0,1,0,0,1,1
0.472601753066,0,1,0,1,1,0,0,1,1,0,1,0,1,1,0,0,0,0,0,1,0,1,0,1,0,1,0,1,0,1,0,1,0,1,0,0,1,1,0,1,1,1,1,0,1,0,1,0,1,0,1,1,1,0,0,1,1,1,1,0,0,0,1,0,1,0,0,1,0,1,1,1,1,0,0,0,1,1,0,0,1,1
0.778750686543,0,1,0,0,1,0,1,1,1,1,1,0,1,1,0,0,0,0,1,1,1,1,0,1,0,0,0,1,1,1,1,0,1,1,0,1,1,1,0,1,1,1,0,0,1,1,1,0,1,0,1,1,1,0,0,1,1,1,1,0,0,1,0,0,1,1,0,1,0,1,1,1,0,0,0,1,1,1,0,1,1,1
0.766615093064,0,0,0,1,1,0,0,1,1,1,1,0,1,1,1,0,0,0,1,1,1,0,0,1,1,1,0,1,1,1,1,1,0,1,0,1,1,1,0,1,1,1,0,0,1,0,1,0,0,0,1,0,1,0,1,1,1,1,1,0,0,1,0,0,1,1,1,1,1,1,1,1,1,0,0,0,1,1,0,1,1,1
0.718419298949,0,1,0,1,1,0,1,1,1,1,1,0,1,1,0,1,0,0,1,1,0,1,0,1,0,1,1,1,1,1,1,1,1,1,1,1,1,1,1,1,1,1,0,1,0,0,1,0,0,0,1,1,0,1,1,1,1,1,1,0,0,1,1,0,0,1,0,1,0,1,1,0,1,0,0,1,1,1,0,1,1,1
0.60324859282,0,1,0,0,1,0,0,1,1,0,1,0,1,0,0,1,0,0,0,1,1,0,0,0,0,0,0,1,1,1,0,0,0,1,0,1,1,1,0,1,0,1,0,0,0,0,1,0,0,0,0,0,1,0,1,0,1,1,1,0,0,1,1,0,1,1,0,1,0,1,0,1,0,0,0,1,1,1,0,0,1,1
0.590240876886,0,1,0,0,1,1,1,1,1,1,1,0,1,1,0,1,0,0,0,1,0,1,0,0,0,1,0,1,1,1,1,0,1,1,1,1,1,1,0,1,0,1,0,1,0,0,1,0,0,0,1,0,0,1,0,1,1,0,1,0,0,1,1,0,0,1,0,1,0,1,1,0,1,0,0,0,1,1,0,1,1,1
0.924083771488,0,1,0,0,1,1,1,1,1,0,1,0,1,0,0,0,0,0,1,1,0,1,0,1,1,1,0,1,0,1,1,1,0,1,1,1,1,1,1,1,1,1,0,0,0,1,1,0,1,0,0,1,1,0,1,1,1,1,1,0,0,1,0,0,1,1,0,1,1,1,1,0,1,0,1,1,1,1,1,1,1,1
0.725663349714,0,1,0,1,1,0,1,1,1,0,1,0,1,1,0,1,0,0,1,1,0,0,1,1,1,1,0,0,1,1,1,0,1,1,0,1,1,1,1,1,1,1,0,0,1,0,1,1,0,0,1,1,1,0,1,1,1,1,1,0,0,1,0,0,1,1,0,1,0,1,1,0,1,0,0,0,1,1,0,1,1,1
0.887718638442,0,1,0,1,0,1,1,1,1,1,1,0,1,0,0,0,0,0,1,1,0,1,1,1,1,1,0,1,1,1,0,0,0,1,1,1,1,1,1,1,1,1,0,0,0,1,0,0,1,0,0,1,1,0,1,1,1,0,1,0,0,1,0,0,1,1,0,1,1,1,1,0,1,0,0,1,1,1,1,1,1,1
0.638109720511,0,1,1,1,1,0,0,1,1,1,1,0,1,1,1,0,0,0,0,1,0,1,0,1,1,0,1,1,1,1,0,1,1,1,0,1,1,1,0,1,1,1,1,0,0,0,1,0,1,0,1,1,0,0,1,1,1,1,1,0,0,1,1,0,1,1,0,1,0,1,1,0,1,0,0,0,1,1,0,1,1,1
0.588832367265,0,0,0,1,1,0,0,1,1,0,1,0,1,1,0,1,0,0,0,1,0,1,0,1,1,0,0,0,1,1,0,0,0,1,0,1,1,1,0,1,0,1,0,0,0,0,1,0,1,0,1,1,1,0,1,1,1,1,1,0,0,0,1,0,1,1,1,1,0,1,1,0,1,0,0,0,1,1,0,1,1,1
0.427059535617,0,0,0,1,1,1,1,1,1,0,1,0,1,1,0,0,0,0,0,1,0,1,0,0,1,1,0,1,1,1,0,1,1,1,0,1,1,1,0,1,0,1,1,0,1,0,0,0,1,0,1,1,1,0,1,1,0,1,1,0,0,0,1,0,1,0,0,1,0,1,1,0,1,0,1,0,0,1,0,0,1,1
0.788997437749,0,1,0,0,1,0,1,1,1,0,1,0,1,1,0,1,0,0,1,1,0,0,0,1,1,1,0,0,1,1,1,1,1,1,1,1,1,1,1,1,0,1,0,0,1,0,1,0,1,1,1,1,1,0,1,1,1,1,1,0,0,1,1,0,1,1,0,1,0,1,1,1,1,0,0,0,1,1,1,1,1,1
0.78418567339,0,1,0,0,1,0,0,1,1,1,1,0,1,1,0,1,0,0,1,1,0,0,0,1,1,1,0,1,0,1,0,1,0,1,1,1,1,1,0,1,1,1,0,0,0,0,1,0,1,1,1,1,1,0,1,1,1,1,1,0,0,1,1,0,1,1,0,1,1,1,1,1,1,0,0,0,1,1,0,0,1,1
0.751960118266,1,1,0,1,1,0,0,1,1,1,1,0,1,1,0,1,0,0,1,1,0,1,0,1,1,0,0,1,1,1,1,1,1,1,0,1,1,1,1,1,1,1,1,0,0,0,1,0,1,0,1,1,1,0,1,0,1,1,1,0,0,1,0,0,1,1,1,1,0,1,1,0,1,0,0,0,1,1,0,1,1,1
0.772034653356,0,1,0,0,1,0,1,1,1,1,1,0,1,1,0,0,0,0,1,1,0,0,1,1,1,1,0,1,1,1,1,0,1,1,1,1,1,1,0,1,1,1,0,0,0,0,1,0,0,1,1,1,1,0,1,1,1,1,1,0,0,1,0,0,1,1,0,1,0,1,1,1,1,0,0,0,1,1,0,0,1,1
0.791694903641,0,1,0,0,1,0,1,1,1,1,1,0,1,1,0,0,0,0,1,1,0,1,1,1,1,1,0,1,1,1,1,0,1,1,1,1,1,1,0,1,1,1,1,1,0,1,1,0,0,1,1,1,1,0,1,1,1,1,1,0,0,1,1,0,1,1,1,1,0,1,1,0,1,0,0,1,1,1,0,1,1,1
0.881690824759,0,1,0,1,1,0,1,1,1,1,1,0,1,1,1,0,0,0,1,1,0,0,1,1,1,1,1,1,1,1,1,1,0,1,1,1,1,1,0,1,1,1,1,0,1,0,1,0,1,0,1,1,1,0,1,1,1,1,1,0,1,1,0,0,1,1,1,1,0,1,1,1,1,0,0,1,1,1,1,1,1,1
0.967699607442,0,1,0,0,0,1,1,1,1,0,1,0,1,0,0,0,0,0,1,1,0,0,0,1,1,1,1,1,0,1,0,1,0,1,0,1,0,1,0,1,0,1,0,0,0,1,1,0,1,1,0,1,1,0,1,1,1,1,1,0,0,1,0,0,1,1,1,1,0,1,1,0,1,0,0,1,0,1,0,1,1,1
0.952975797565,0,1,0,0,1,1,1,1,1,1,1,0,1,0,0,1,0,0,1,1,0,1,0,1,0,1,1,1,1,1,1,1,0,1,1,1,0,1,1,1,1,1,0,1,0,1,1,0,1,0,1,1,1,0,1,1,1,1,1,0,0,1,0,0,1,1,1,1,1,1,1,0,1,0,1,1,1,1,1,1,1,1
0.954879672307,0,1,0,0,1,1,1,1,1,0,1,0,1,1,0,0,0,0,1,1,0,1,0,1,1,1,1,1,1,1,1,1,0,1,1,1,1,1,1,1,1,1,0,0,0,1,1,0,0,0,1,1,1,0,1,1,1,1,1,0,0,1,0,0,1,1,1,1,0,1,1,0,1,0,0,1,1,1,1,1,1,1
0.559218649831,0,1,0,1,1,0,0,1,1,0,1,0,1,1,1,1,0,0,0,1,0,1,1,1,1,1,1,1,1,1,0,1,1,1,0,1,0,1,0,1,1,1,1,0,1,0,1,0,1,0,1,1,1,0,1,1,1,1,1,0,0,1,1,0,1,0,0,1,0,1,1,1,1,0,0,0,1,1,0,1,1,1
0.501432372144,0,0,0,1,1,1,0,1,1,0,1,0,1,1,1,1,0,0,0,1,0,1,0,1,1,1,0,1,1,1,0,0,0,1,0,1,0,1,0,1,1,1,1,0,1,0,1,0,1,0,1,1,1,0,1,1,0,1,1,0,0,0,1,0,1,1,0,1,0,1,0,0,1,0,0,0,1,1,0,1,1,1
0.451784671206,1,1,0,1,1,0,0,1,1,0,1,0,1,1,0,1,0,0,0,1,0,1,0,1,1,1,1,1,1,1,0,0,1,1,0,1,0,1,0,1,1,1,0,0,1,0,1,0,0,0,1,1,1,0,1,1,0,1,1,1,0,0,1,0,1,0,0,1,0,1,1,1,1,0,0,0,0,1,0,0,1,1
0.526296454069,0,0,0,1,1,0,0,1,1,0,1,0,1,1,0,1,0,0,0,1,0,1,0,1,0,1,1,1,1,1,1,0,0,1,0,1,1,0,0,1,1,1,0,0,0,0,1,0,1,0,1,1,1,0,1,1,0,1,1,0,0,0,1,0,1,1,0,1,0,1,1,1,1,0,0,1,1,1,0,0,1,1
0.411334058612,0,0,1,1,1,0,0,1,1,0,1,1,0,1,0,1,0,0,0,1,1,1,0,0,1,1,0,1,1,1,0,1,0,1,0,0,1,1,0,1,1,1,1,0,0,0,1,0,0,0,1,1,1,0,1,1,0,0,1,0,0,1,1,0,1,1,0,1,0,1,1,0,1,0,1,1,1,1,0,1,1,1
0.71698118943,0,1,0,1,1,0,0,1,1,0,1,0,1,1,0,0,0,0,1,1,0,1,0,1,1,1,0,1,1,0,1,0,0,1,0,1,0,1,0,1,0,1,0,0,0,1,1,0,0,0,1,1,1,0,0,1,1,1,1,0,0,1,0,0,1,1,0,1,1,0,1,1,1,0,0,1,1,1,0,1,1,1
0.54130787461,0,1,0,0,0,0,1,1,0,0,1,0,0,0,0,0,0,0,0,0,0,0,0,0,1,0,1,1,0,0,0,0,0,1,0,1,0,0,0,0,0,0,1,0,0,0,1,0,0,0,1,1,1,0,0,1,1,0,1,0,0,1,0,0,0,1,0,0,0,1,1,1,1,0,0,0,1,0,0,0,1,1
0.778051267382,0,1,0,1,1,0,1,1,1,1,1,0,1,1,1,1,0,0,1,1,1,1,0,1,1,1,1,1,1,1,0,1,0,1,1,1,1,1,1,1,1,1,0,1,0,0,1,0,0,0,1,1,1,0,1,1,1,1,1,0,0,1,1,0,1,1,0,1,0,1,1,0,1,0,0,1,1,1,0,1,1,1
0.963936253273,1,1,0,0,1,0,1,1,1,1,1,0,1,0,0,0,0,0,1,1,0,0,0,1,1,1,1,1,1,1,1,1,0,1,1,1,1,1,0,1,1,1,0,0,0,1,1,0,1,1,1,1,1,0,1,1,1,1,1,0,0,1,0,0,1,1,0,1,1,1,1,0,1,0,0,0,1,1,1,1,1,1
0.91475600082,0,1,0,0,1,1,1,1,1,0,1,0,1,0,0,0,0,0,1,1,0,1,0,1,1,1,0,0,1,1,0,1,0,1,1,1,0,1,0,1,1,1,0,0,0,1,1,0,0,1,0,1,1,0,1,1,1,1,1,0,0,1,0,0,1,1,1,1,0,1,1,1,1,0,0,1,1,1,1,1,1,1
0.638217868703,0,1,0,1,1,1,1,1,1,1,1,0,1,1,0,1,0,0,0,1,0,1,0,1,0,1,0,0,0,1,0,0,0,1,0,1,0,0,0,1,0,1,0,0,0,0,1,0,0,0,0,1,1,0,0,1,1,1,1,0,0,0,0,1,0,1,1,1,0,1,1,0,1,0,0,0,0,1,1,1,1,1
1.04343949132,0,1,0,0,1,1,1,1,1,1,1,0,1,0,0,0,0,0,1,1,0,0,0,1,1,1,1,1,0,1,1,1,0,1,1,1,0,0,0,1,0,1,0,0,0,1,1,0,1,0,1,1,1,0,1,1,1,1,1,0,0,1,0,0,1,1,1,1,1,1,1,0,1,0,0,1,1,1,1,1,1,1
0.627756900295,0,0,0,1,1,0,0,1,1,1,1,0,1,1,1,0,0,0,0,1,0,0,1,1,0,1,0,1,1,1,0,1,0,1,0,1,1,1,0,1,1,1,0,0,0,0,1,0,1,0,1,1,1,0,0,1,1,1,1,0,0,1,1,0,1,0,0,1,0,1,0,1,1,0,0,1,1,1,0,0,1,1
0.692862950192,0,0,0,0,1,0,0,1,1,1,1,0,1,1,1,0,0,0,1,1,0,1,0,1,1,0,0,0,1,1,1,1,0,1,1,1,1,1,0,1,0,1,1,0,0,0,1,0,1,0,1,1,1,0,1,1,1,1,1,0,0,1,0,0,1,1,0,1,0,1,0,1,0,0,0,0,1,1,0,0,1,1
0.519633885937,0,1,0,1,1,0,1,1,1,1,1,0,1,1,0,1,0,0,1,1,0,1,0,1,1,0,0,1,1,1,0,0,0,1,0,1,1,1,0,1,1,1,1,0,0,0,0,0,1,0,1,1,1,0,1,1,1,1,0,0,0,0,1,0,1,1,0,1,0,1,0,0,1,0,0,0,0,1,0,0,1,1
0.760953563037,0,1,0,1,1,0,1,1,1,1,1,0,1,1,0,0,0,0,1,1,0,0,0,1,1,1,0,1,1,1,1,0,0,1,1,1,1,1,0,1,1,1,0,0,1,0,1,0,1,0,1,1,1,0,0,1,1,1,1,0,0,1,0,0,0,1,0,1,1,1,1,1,1,0,0,0,1,1,0,0,1,1
0.770454316969,1,1,0,0,1,0,0,1,1,1,1,0,1,1,0,0,0,0,1,1,1,1,0,1,1,0,1,1,1,1,1,0,1,1,1,1,1,1,1,1,1,1,0,0,0,0,1,0,0,0,0,1,1,0,1,1,1,1,1,0,0,1,0,0,1,1,0,1,0,1,1,1,1,0,0,0,1,1,0,1,1,1
0.852579653488,0,1,0,0,1,0,1,0,1,1,1,0,1,1,0,0,0,0,1,1,0,0,0,1,1,1,0,1,1,1,1,1,0,1,1,1,1,1,0,1,1,1,0,0,0,0,1,0,1,0,1,1,1,0,1,1,1,1,1,0,0,1,0,0,1,1,1,1,0,1,1,0,1,0,0,0,1,1,0,0,1,1
0.889409750986,0,1,0,0,0,0,1,1,1,1,1,0,1,1,0,0,0,0,1,1,0,0,0,1,1,1,0,1,1,1,1,1,0,1,1,1,1,1,0,1,0,1,0,0,1,0,1,0,0,0,1,1,1,0,1,1,1,1,1,0,0,1,0,0,1,1,0,1,0,1,1,1,1,0,0,1,1,1,1,1,1,1
0.684360010807,0,1,0,1,1,0,0,1,1,1,1,0,1,1,0,0,0,0,1,1,0,1,0,1,1,1,0,1,0,1,0,1,0,1,1,1,1,1,1,1,1,1,0,1,1,0,1,0,1,1,0,1,1,0,1,1,1,1,1,0,0,0,1,0,1,1,0,1,0,1,1,1,1,0,0,0,1,1,0,0,1,1
0.859420300532,0,1,0,0,1,0,1,1,1,1,1,0,1,1,0,0,0,0,1,1,0,0,1,1,0,1,0,1,1,1,1,0,0,1,1,1,1,1,1,1,1,1,0,0,0,0,1,0,1,1,1,1,1,0,1,1,1,1,1,0,0,1,0,0,1,1,0,1,0,0,1,0,1,1,0,1,1,1,0,0,1,1
0.84128784769,0,1,0,0,1,1,1,1,1,1,1,0,1,1,0,0,0,0,1,1,0,1,1,1,1,1,0,1,0,1,1,0,0,1,1,1,1,1,0,1,1,1,0,1,0,0,0,0,0,1,0,1,1,0,1,0,1,1,1,0,0,1,0,0,1,1,1,1,0,1,1,0,1,0,0,0,1,1,0,1,1,1
0.765524416206,0,1,0,0,0,1,0,1,1,0,1,0,0,0,0,0,0,0,1,1,0,1,0,0,0,1,1,0,0,1,0,0,0,1,1,1,0,1,0,1,1,1,0,1,0,0,1,0,0,0,0,0,1,0,1,0,1,1,1,0,0,0,0,0,1,1,0,1,0,1,1,0,1,0,0,0,1,1,1,1,1,1
0.955580822968,0,1,0,0,0,1,1,1,1,0,1,0,1,0,0,0,0,0,1,1,0,1,0,1,1,1,0,1,1,1,1,0,1,1,1,1,0,1,1,1,1,1,1,1,0,1,1,0,1,1,0,1,1,0,1,1,1,1,1,0,0,1,0,0,1,1,1,1,1,1,1,1,1,1,0,1,1,1,1,1,1,1
0.541571337752,0,1,0,0,1,0,1,1,1,0,1,0,1,1,0,1,0,0,1,1,0,1,1,1,1,1,0,0,1,1,0,1,0,1,0,1,0,1,0,1,1,1,1,0,1,0,1,0,1,0,1,1,1,0,0,1,0,1,0,0,0,1,1,0,1,0,0,1,0,1,1,0,1,0,0,1,1,1,0,0,1,1
0.545907643165,1,1,0,1,1,0,1,1,1,0,1,0,1,1,0,1,0,0,0,1,1,1,0,1,1,0,0,1,1,1,0,1,0,1,0,1,1,1,0,1,1,1,0,0,0,0,1,0,0,0,1,1,1,0,1,1,0,1,1,0,0,0,1,0,1,0,0,1,0,1,1,1,1,0,0,1,0,1,0,1,1,1
0.593960213307,1,0,0,1,1,0,1,1,1,0,1,0,1,1,0,0,0,0,0,1,0,0,0,1,1,1,0,1,1,1,0,0,0,1,0,1,1,1,0,1,1,1,0,0,0,0,1,0,0,0,1,1,1,0,1,1,1,1,1,1,0,0,1,0,1,1,0,1,0,1,1,0,1,0,0,0,0,0,0,1,1,1
0.535728326565,0,0,0,0,1,0,0,1,0,1,1,0,1,1,0,1,0,0,0,1,0,0,0,1,0,0,0,1,0,0,1,0,0,1,0,1,1,0,0,1,0,1,0,0,0,0,0,0,0,0,0,0,1,0,1,0,1,0,1,0,0,1,0,0,1,0,0,1,0,1,1,1,0,0,0,0,1,1,0,0,1,1
0.614685892275,0,0,0,1,1,0,1,1,1,0,1,0,1,1,1,1,0,0,0,1,0,1,0,1,1,1,0,1,0,1,0,0,0,1,0,1,0,1,1,1,1,1,0,0,0,0,1,0,0,0,1,1,1,0,1,1,1,1,1,0,0,1,1,0,1,1,0,1,1,1,1,1,1,0,0,1,0,1,0,0,1,1
0.743839501765,1,0,1,1,1,0,1,1,1,1,1,0,1,1,0,0,0,0,1,1,0,0,0,1,1,1,1,1,0,1,1,1,1,1,0,1,1,1,1,1,1,1,0,0,0,0,1,0,1,0,1,1,1,0,1,0,1,1,1,1,0,1,1,0,1,0,0,1,0,1,1,0,1,0,0,0,1,1,0,0,1,1
0.675548570504,0,1,0,0,1,0,0,1,1,1,1,0,1,1,0,0,0,0,0,1,0,0,1,1,1,0,0,1,1,1,1,1,0,1,1,1,1,1,0,1,0,1,0,1,0,0,0,0,1,0,1,1,1,0,1,0,1,1,1,0,0,1,1,0,1,1,0,1,0,1,1,0,0,0,0,0,1,1,0,0,1,1
0.766281726858,0,1,0,1,1,0,0,1,1,1,1,0,1,1,0,0,0,0,1,1,0,1,1,1,1,0,0,1,0,1,1,1,0,1,1,1,1,1,0,1,1,1,0,0,1,0,1,0,0,0,1,1,1,0,0,1,1,1,1,0,0,1,0,0,1,1,0,1,0,1,1,1,1,1,0,0,1,1,0,1,1,1
0.821622187434,1,1,0,1,1,0,1,1,1,1,1,0,1,0,0,0,0,0,1,1,0,0,1,1,1,1,0,1,1,1,1,0,0,1,1,1,1,1,1,1,1,1,0,0,0,0,1,0,0,0,0,1,1,0,1,1,1,1,1,0,0,1,0,0,1,1,0,1,0,0,1,0,1,0,0,1,1,1,0,1,1,1
0.709861096709,0,1,0,0,1,0,1,1,1,1,1,0,1,1,0,1,0,0,0,1,0,1,1,1,1,1,0,0,0,1,1,1,0,1,1,1,1,0,0,1,1,1,0,0,0,0,1,0,1,1,1,1,0,0,0,1,0,0,1,0,0,1,0,0,1,1,1,1,0,0,1,1,1,0,0,0,1,1,0,1,1,1
0.771521781909,0,1,0,1,0,1,0,1,1,0,1,0,0,1,0,1,0,0,1,1,0,1,0,1,1,1,0,1,0,1,0,1,0,1,0,1,0,0,1,1,1,1,0,1,0,1,1,0,0,1,1,1,1,0,1,1,1,1,1,0,0,0,0,0,1,1,1,1,0,1,1,0,1,0,0,1,0,1,0,1,1,1
0.849378971201,0,1,0,0,0,1,1,1,1,0,1,1,1,1,0,0,0,0,1,1,0,1,1,0,0,1,0,1,1,1,1,0,0,1,1,1,0,1,1,1,1,1,0,0,0,1,1,0,0,0,1,1,1,0,1,1,1,1,1,0,0,1,0,0,1,1,0,1,0,1,1,0,1,0,0,1,1,1,1,1,1,1